Image ID,Image name,Annotation status,Points,AcrCerv,AcrPalm,AgAga,AgTen,AgUnd,BL_OrbFav,BORB,CoNat,DiplLab,FaviaFrag,MontaCav,OrbAnn,OrbFav,OrbFrank,PorAstr,Por_branch,PorPor,PseuCliv,PseuStrig,Siderastr,SidSid,ANEM,Feat_dust,GORG-BRI,Gorg_Fan,Gorg_Plume,Gorg_Whip,Hydra,Millepora,PCAR,Spong_Crus,Spong_Erec,Spong_Glo,Film_Sand,Sand,Bare_Rock,CCA_LR,Cyano_HR,Cyano_LR,Cyano_RBL,Cyano_Sand,Debris,ACA,Brown_Enc,Brown_UFM,CCA_HR,CCA_RBL,Dictyota,EAM_HR,EAM_LR,EAM_RBL,Green_UFM,Halimeda,Lobophora,Mac_matrix,Red_Enc,Red_UFM,Sargassum,Ulva,SyrFil,ThalTes
6097785,Belize2025_reefCensus_photoquadrats_CBC_20250625_T1_Q01_50m_P6250179_R.JPG,Confirmed,25,0.000,0.000,0.000,0.000,0.000,0.000,0.000,0.000,0.000,0.000,0.000,0.000,0.000,0.000,0.000,0.000,0.000,0.000,0.000,0.000,12.000,0.000,0.000,0.000,0.000,0.000,0.000,0.000,0.000,0.000,0.000,0.000,0.000,0.000,0.000,0.000,0.000,0.000,0.000,0.000,0.000,0.000,0.000,0.000,0.000,0.000,0.000,0.000,24.000,60.000,4.000,0.000,0.000,0.000,0.000,0.000,0.000,0.000,0.000,0.000,0.000
6097786,Belize2025_reefCensus_photoquadrats_CBC_20250625_T1_Q02_45m_P6250542_R.JPG,Confirmed,25,0.000,0.000,0.000,0.000,0.000,0.000,0.000,0.000,0.000,0.000,0.000,12.000,0.000,0.000,0.000,0.000,0.000,0.000,0.000,0.000,0.000,0.000,0.000,0.000,8.000,28.000,0.000,0.000,0.000,0.000,8.000,0.000,0.000,0.000,0.000,0.000,0.000,0.000,0.000,0.000,0.000,0.000,0.000,0.000,4.000,28.000,0.000,0.000,12.000,0.000,0.000,0.000,0.000,0.000,0.000,0.000,0.000,0.000,0.000,0.000,0.000
6097787,Belize2025_reefCensus_photoquadrats_CBC_20250625_T1_Q03_40m_P6250192_R.JPG,Confirmed,25,0.000,0.000,0.000,0.000,0.000,0.000,0.000,0.000,0.000,0.000,0.000,0.000,0.000,0.000,0.000,0.000,0.000,0.000,0.000,0.000,24.000,0.000,0.000,0.000,0.000,0.000,0.000,0.000,0.000,0.000,0.000,0.000,0.000,4.000,12.000,0.000,0.000,0.000,0.000,0.000,0.000,0.000,0.000,0.000,0.000,0.000,0.000,0.000,32.000,16.000,12.000,0.000,0.000,0.000,0.000,0.000,0.000,0.000,0.000,0.000,0.000
6097788,Belize2025_reefCensus_photoquadrats_CBC_20250625_T1_Q04_35m_P6250547_R.JPG,Confirmed,25,0.000,0.000,0.000,0.000,0.000,0.000,0.000,0.000,0.000,0.000,0.000,0.000,0.000,0.000,0.000,0.000,0.000,0.000,0.000,0.000,0.000,0.000,0.000,0.000,0.000,12.000,4.000,0.000,0.000,0.000,12.000,0.000,0.000,0.000,0.000,4.000,0.000,0.000,0.000,0.000,0.000,0.000,0.000,0.000,0.000,20.000,0.000,0.000,24.000,20.000,0.000,0.000,0.000,0.000,4.000,0.000,0.000,0.000,0.000,0.000,0.000
6097789,Belize2025_reefCensus_photoquadrats_CBC_20250625_T1_Q05_30m_P6250198_R.JPG,Confirmed,25,0.000,0.000,0.000,0.000,0.000,0.000,0.000,0.000,0.000,0.000,0.000,0.000,0.000,0.000,0.000,0.000,0.000,0.000,0.000,0.000,0.000,0.000,0.000,0.000,0.000,0.000,0.000,0.000,0.000,0.000,0.000,0.000,0.000,0.000,0.000,0.000,4.000,0.000,0.000,0.000,0.000,0.000,0.000,0.000,0.000,0.000,0.000,4.000,0.000,84.000,0.000,0.000,0.000,0.000,8.000,0.000,0.000,0.000,0.000,0.000,0.000
6097790,Belize2025_reefCensus_photoquadrats_CBC_20250625_T1_Q06_25m_P6250551_R.JPG,Confirmed,25,0.000,0.000,0.000,0.000,0.000,0.000,0.000,0.000,0.000,0.000,0.000,0.000,68.000,0.000,0.000,0.000,0.000,0.000,0.000,0.000,0.000,0.000,0.000,0.000,0.000,0.000,8.000,0.000,0.000,0.000,0.000,0.000,0.000,0.000,0.000,0.000,0.000,0.000,0.000,0.000,0.000,0.000,0.000,0.000,0.000,0.000,0.000,0.000,4.000,20.000,0.000,0.000,0.000,0.000,0.000,0.000,0.000,0.000,0.000,0.000,0.000
6097791,Belize2025_reefCensus_photoquadrats_CBC_20250625_T1_Q07_20m_P6250208_R.JPG,Confirmed,25,0.000,0.000,0.000,0.000,0.000,0.000,0.000,0.000,0.000,0.000,0.000,8.000,0.000,0.000,0.000,0.000,0.000,0.000,0.000,0.000,0.000,0.000,0.000,0.000,0.000,0.000,0.000,0.000,0.000,0.000,0.000,0.000,0.000,0.000,0.000,0.000,28.000,0.000,4.000,0.000,0.000,0.000,0.000,0.000,0.000,40.000,0.000,4.000,4.000,8.000,0.000,0.000,0.000,0.000,4.000,0.000,0.000,0.000,0.000,0.000,0.000
6097792,Belize2025_reefCensus_photoquadrats_CBC_20250625_T1_Q08_15m_P6250556_R.JPG,Confirmed,25,0.000,0.000,0.000,0.000,0.000,0.000,0.000,0.000,0.000,0.000,0.000,0.000,0.000,0.000,0.000,0.000,0.000,0.000,0.000,0.000,0.000,0.000,0.000,0.000,0.000,0.000,0.000,0.000,0.000,0.000,0.000,8.000,0.000,0.000,28.000,0.000,0.000,0.000,0.000,0.000,0.000,0.000,0.000,0.000,4.000,0.000,0.000,4.000,24.000,32.000,0.000,0.000,0.000,0.000,0.000,0.000,0.000,0.000,0.000,0.000,0.000
6097793,Belize2025_reefCensus_photoquadrats_CBC_20250625_T1_Q09_10m_P6250216_R.JPG,Confirmed,25,0.000,0.000,0.000,0.000,0.000,0.000,0.000,0.000,0.000,0.000,0.000,20.000,0.000,0.000,0.000,0.000,0.000,0.000,0.000,0.000,0.000,0.000,0.000,0.000,12.000,28.000,0.000,0.000,0.000,0.000,0.000,0.000,0.000,0.000,0.000,0.000,0.000,0.000,0.000,0.000,0.000,0.000,0.000,0.000,0.000,0.000,0.000,0.000,0.000,40.000,0.000,0.000,0.000,0.000,0.000,0.000,0.000,0.000,0.000,0.000,0.000
6097794,Belize2025_reefCensus_photoquadrats_CBC_20250625_T1_Q10_5m_P6250560_R.JPG,Confirmed,25,0.000,0.000,0.000,0.000,0.000,0.000,0.000,0.000,0.000,0.000,0.000,0.000,0.000,0.000,0.000,0.000,0.000,0.000,0.000,0.000,0.000,0.000,0.000,0.000,0.000,0.000,0.000,0.000,0.000,0.000,0.000,0.000,0.000,0.000,36.000,0.000,0.000,0.000,8.000,0.000,0.000,0.000,0.000,0.000,0.000,0.000,0.000,0.000,0.000,56.000,0.000,0.000,0.000,0.000,0.000,0.000,0.000,0.000,0.000,0.000,0.000
6097795,Belize2025_reefCensus_photoquadrats_CBC_20250625_T2_Q01_50m_P6250230_R.JPG,Confirmed,25,0.000,0.000,0.000,0.000,0.000,0.000,0.000,0.000,0.000,0.000,0.000,48.000,0.000,0.000,0.000,0.000,0.000,0.000,0.000,0.000,0.000,0.000,0.000,0.000,32.000,0.000,0.000,0.000,0.000,0.000,0.000,0.000,0.000,0.000,0.000,0.000,4.000,0.000,0.000,0.000,0.000,0.000,0.000,0.000,0.000,16.000,0.000,0.000,0.000,0.000,0.000,0.000,0.000,0.000,0.000,0.000,0.000,0.000,0.000,0.000,0.000
6097796,Belize2025_reefCensus_photoquadrats_CBC_20250625_T2_Q02_45m_P6250565_R.JPG,Confirmed,25,0.000,0.000,0.000,0.000,0.000,0.000,0.000,0.000,0.000,0.000,0.000,0.000,48.000,0.000,0.000,0.000,0.000,0.000,0.000,0.000,0.000,0.000,0.000,0.000,0.000,0.000,16.000,0.000,0.000,0.000,0.000,0.000,0.000,0.000,12.000,0.000,0.000,0.000,0.000,0.000,0.000,0.000,0.000,0.000,0.000,24.000,0.000,0.000,0.000,0.000,0.000,0.000,0.000,0.000,0.000,0.000,0.000,0.000,0.000,0.000,0.000
6097797,Belize2025_reefCensus_photoquadrats_CBC_20250625_T2_Q03_40m_P6250240_R.JPG,Confirmed,25,12.000,0.000,0.000,0.000,0.000,0.000,0.000,0.000,0.000,0.000,0.000,0.000,0.000,0.000,0.000,0.000,0.000,0.000,0.000,0.000,40.000,0.000,0.000,0.000,0.000,0.000,4.000,0.000,0.000,0.000,0.000,0.000,0.000,0.000,4.000,0.000,4.000,0.000,0.000,0.000,0.000,0.000,0.000,0.000,0.000,0.000,0.000,0.000,4.000,20.000,0.000,0.000,0.000,0.000,0.000,0.000,12.000,0.000,0.000,0.000,0.000
6097798,Belize2025_reefCensus_photoquadrats_CBC_20250625_T2_Q04_35m_P6250568_R.JPG,Confirmed,25,0.000,0.000,0.000,0.000,0.000,0.000,0.000,0.000,0.000,0.000,0.000,0.000,0.000,0.000,0.000,0.000,0.000,0.000,0.000,0.000,4.000,0.000,0.000,0.000,0.000,0.000,0.000,0.000,0.000,0.000,4.000,8.000,0.000,0.000,32.000,24.000,0.000,0.000,0.000,0.000,0.000,0.000,0.000,0.000,4.000,0.000,0.000,0.000,0.000,20.000,4.000,0.000,0.000,0.000,0.000,0.000,0.000,0.000,0.000,0.000,0.000
6097799,Belize2025_reefCensus_photoquadrats_CBC_20250625_T2_Q05_30m_P6250251_R.JPG,Confirmed,25,0.000,0.000,0.000,0.000,0.000,0.000,0.000,0.000,0.000,0.000,0.000,0.000,0.000,0.000,0.000,0.000,0.000,0.000,0.000,0.000,8.000,0.000,0.000,0.000,0.000,0.000,0.000,0.000,0.000,0.000,0.000,0.000,0.000,0.000,12.000,0.000,0.000,0.000,0.000,0.000,0.000,0.000,0.000,0.000,0.000,0.000,0.000,8.000,0.000,52.000,8.000,0.000,4.000,0.000,0.000,0.000,8.000,0.000,0.000,0.000,0.000
6097800,Belize2025_reefCensus_photoquadrats_CBC_20250625_T2_Q06_25m_P6250573_R.JPG,Confirmed,25,0.000,0.000,0.000,0.000,0.000,0.000,0.000,0.000,0.000,0.000,0.000,0.000,0.000,0.000,0.000,0.000,0.000,0.000,0.000,0.000,0.000,0.000,0.000,0.000,0.000,0.000,0.000,0.000,0.000,4.000,0.000,0.000,0.000,0.000,36.000,0.000,4.000,0.000,0.000,0.000,0.000,0.000,0.000,0.000,8.000,0.000,0.000,12.000,0.000,20.000,16.000,0.000,0.000,0.000,0.000,0.000,0.000,0.000,0.000,0.000,0.000
6097801,Belize2025_reefCensus_photoquadrats_CBC_20250625_T2_Q07_20m_P6250265_R.JPG,Confirmed,25,0.000,0.000,0.000,0.000,0.000,0.000,0.000,0.000,0.000,0.000,0.000,0.000,0.000,12.000,0.000,0.000,0.000,0.000,0.000,0.000,0.000,0.000,0.000,0.000,0.000,0.000,0.000,0.000,0.000,0.000,0.000,0.000,0.000,0.000,32.000,0.000,0.000,0.000,0.000,0.000,0.000,0.000,0.000,0.000,0.000,4.000,0.000,4.000,24.000,12.000,0.000,0.000,0.000,0.000,0.000,0.000,12.000,0.000,0.000,0.000,0.000
6097802,Belize2025_reefCensus_photoquadrats_CBC_20250625_T2_Q08_15m_P6250577_R.JPG,Confirmed,25,0.000,0.000,0.000,0.000,0.000,0.000,0.000,0.000,0.000,0.000,0.000,0.000,0.000,0.000,0.000,0.000,0.000,0.000,0.000,0.000,0.000,0.000,0.000,0.000,0.000,0.000,0.000,0.000,0.000,0.000,0.000,0.000,0.000,0.000,24.000,0.000,0.000,0.000,0.000,0.000,0.000,0.000,0.000,0.000,0.000,0.000,0.000,0.000,0.000,16.000,60.000,0.000,0.000,0.000,0.000,0.000,0.000,0.000,0.000,0.000,0.000
6097803,Belize2025_reefCensus_photoquadrats_CBC_20250625_T2_Q09_10m_P6250225_R.JPG,Confirmed,25,0.000,0.000,0.000,0.000,0.000,0.000,0.000,0.000,0.000,0.000,0.000,0.000,4.000,0.000,0.000,0.000,0.000,0.000,0.000,0.000,0.000,0.000,0.000,12.000,0.000,0.000,4.000,0.000,0.000,0.000,4.000,0.000,0.000,0.000,4.000,0.000,0.000,0.000,0.000,0.000,0.000,0.000,0.000,0.000,0.000,0.000,0.000,0.000,4.000,44.000,12.000,0.000,0.000,0.000,4.000,0.000,8.000,0.000,0.000,0.000,0.000
6097804,Belize2025_reefCensus_photoquadrats_CBC_20250625_T2_Q10_5m_P6250582_R.JPG,Confirmed,25,0.000,0.000,0.000,0.000,0.000,0.000,0.000,0.000,0.000,0.000,0.000,0.000,0.000,0.000,0.000,0.000,0.000,0.000,0.000,0.000,0.000,0.000,0.000,0.000,0.000,0.000,0.000,0.000,0.000,0.000,0.000,0.000,0.000,0.000,4.000,0.000,4.000,0.000,0.000,0.000,0.000,0.000,4.000,0.000,4.000,36.000,0.000,16.000,0.000,4.000,0.000,0.000,8.000,0.000,20.000,0.000,0.000,0.000,0.000,0.000,0.000
6097805,Belize2025_reefCensus_photoquadrats_CBC_20250625_T3_Q01_50m_P6250270_R.JPG,Confirmed,25,0.000,0.000,0.000,0.000,0.000,0.000,0.000,0.000,0.000,0.000,0.000,0.000,0.000,0.000,0.000,0.000,0.000,0.000,0.000,0.000,0.000,0.000,0.000,0.000,4.000,8.000,16.000,0.000,0.000,4.000,0.000,0.000,0.000,0.000,4.000,0.000,0.000,0.000,0.000,0.000,0.000,0.000,0.000,0.000,0.000,0.000,0.000,0.000,8.000,52.000,0.000,0.000,0.000,0.000,4.000,0.000,0.000,0.000,0.000,0.000,0.000
6097806,Belize2025_reefCensus_photoquadrats_CBC_20250625_T3_Q02_45m_P6250587_R.JPG,Confirmed,25,0.000,0.000,0.000,0.000,0.000,0.000,0.000,0.000,0.000,0.000,0.000,0.000,0.000,0.000,0.000,0.000,0.000,0.000,0.000,0.000,0.000,0.000,0.000,0.000,16.000,4.000,16.000,0.000,0.000,0.000,12.000,0.000,0.000,0.000,28.000,0.000,0.000,0.000,0.000,0.000,0.000,0.000,0.000,0.000,0.000,0.000,0.000,12.000,0.000,12.000,0.000,0.000,0.000,0.000,0.000,0.000,0.000,0.000,0.000,0.000,0.000
6097807,Belize2025_reefCensus_photoquadrats_CBC_20250625_T3_Q03_40m_P6250280_R.JPG,Confirmed,25,0.000,0.000,0.000,0.000,0.000,0.000,0.000,0.000,0.000,0.000,0.000,0.000,0.000,0.000,0.000,0.000,0.000,0.000,0.000,0.000,0.000,0.000,0.000,0.000,0.000,0.000,0.000,0.000,0.000,0.000,0.000,0.000,0.000,0.000,32.000,0.000,0.000,0.000,0.000,0.000,0.000,0.000,0.000,0.000,0.000,0.000,0.000,0.000,0.000,64.000,0.000,0.000,0.000,0.000,4.000,0.000,0.000,0.000,0.000,0.000,0.000
6097808,Belize2025_reefCensus_photoquadrats_CBC_20250625_T3_Q04_35m_P6250592_R.JPG,Confirmed,25,0.000,0.000,0.000,0.000,0.000,0.000,0.000,0.000,0.000,0.000,0.000,0.000,0.000,0.000,0.000,0.000,0.000,0.000,0.000,0.000,0.000,0.000,0.000,8.000,0.000,0.000,0.000,0.000,0.000,0.000,0.000,0.000,0.000,0.000,8.000,4.000,12.000,0.000,0.000,0.000,0.000,0.000,4.000,0.000,0.000,0.000,0.000,0.000,4.000,56.000,0.000,0.000,0.000,0.000,4.000,0.000,0.000,0.000,0.000,0.000,0.000
6097809,Belize2025_reefCensus_photoquadrats_CBC_20250625_T3_Q05_30m_P6250290_R.JPG,Confirmed,25,0.000,0.000,0.000,0.000,0.000,0.000,0.000,0.000,8.000,0.000,0.000,0.000,0.000,0.000,0.000,0.000,0.000,0.000,0.000,0.000,16.000,0.000,0.000,0.000,0.000,0.000,0.000,0.000,0.000,0.000,0.000,0.000,0.000,0.000,24.000,0.000,0.000,0.000,0.000,0.000,0.000,0.000,0.000,0.000,0.000,0.000,0.000,0.000,4.000,0.000,48.000,0.000,0.000,0.000,0.000,0.000,0.000,0.000,0.000,0.000,0.000
6097810,Belize2025_reefCensus_photoquadrats_CBC_20250625_T3_Q06_25m_P6250595_R.JPG,Confirmed,25,0.000,0.000,0.000,0.000,0.000,0.000,0.000,0.000,0.000,0.000,0.000,0.000,0.000,0.000,0.000,0.000,0.000,0.000,0.000,0.000,8.000,0.000,0.000,0.000,0.000,0.000,0.000,0.000,0.000,0.000,4.000,0.000,0.000,0.000,32.000,0.000,4.000,0.000,0.000,0.000,0.000,0.000,0.000,0.000,0.000,4.000,0.000,4.000,4.000,36.000,0.000,0.000,0.000,0.000,4.000,0.000,0.000,0.000,0.000,0.000,0.000
6097811,Belize2025_reefCensus_photoquadrats_CBC_20250625_T3_Q07_20m_P6250295_R.JPG,Confirmed,25,0.000,0.000,0.000,0.000,0.000,0.000,0.000,0.000,0.000,0.000,0.000,0.000,0.000,0.000,0.000,0.000,0.000,0.000,0.000,0.000,0.000,0.000,0.000,0.000,0.000,0.000,0.000,0.000,0.000,0.000,0.000,8.000,0.000,0.000,20.000,0.000,0.000,0.000,0.000,0.000,0.000,0.000,0.000,0.000,0.000,12.000,0.000,4.000,20.000,32.000,0.000,0.000,0.000,0.000,0.000,0.000,4.000,0.000,0.000,0.000,0.000
6097812,Belize2025_reefCensus_photoquadrats_CBC_20250625_T3_Q08_15m_P6250598_R.JPG,Confirmed,25,0.000,0.000,0.000,0.000,0.000,0.000,0.000,0.000,0.000,0.000,0.000,0.000,0.000,0.000,0.000,0.000,0.000,0.000,0.000,0.000,0.000,0.000,0.000,0.000,0.000,4.000,0.000,0.000,0.000,0.000,0.000,4.000,0.000,0.000,8.000,4.000,0.000,12.000,0.000,0.000,0.000,0.000,0.000,0.000,0.000,0.000,0.000,0.000,0.000,0.000,56.000,0.000,0.000,0.000,12.000,0.000,0.000,0.000,0.000,0.000,0.000
6097813,Belize2025_reefCensus_photoquadrats_CBC_20250625_T3_Q09_10m_P6250309_R.JPG,Confirmed,25,0.000,0.000,0.000,0.000,0.000,0.000,0.000,16.000,0.000,0.000,0.000,0.000,0.000,0.000,0.000,0.000,0.000,0.000,0.000,0.000,8.000,0.000,0.000,0.000,0.000,0.000,0.000,0.000,0.000,0.000,0.000,0.000,0.000,0.000,4.000,0.000,0.000,0.000,0.000,0.000,0.000,0.000,0.000,0.000,0.000,0.000,0.000,0.000,4.000,24.000,12.000,0.000,16.000,0.000,12.000,0.000,4.000,0.000,0.000,0.000,0.000
6097814,Belize2025_reefCensus_photoquadrats_CBC_20250625_T3_Q10_5m_P6250603_R.JPG,Confirmed,25,0.000,0.000,0.000,0.000,0.000,0.000,0.000,0.000,0.000,0.000,0.000,16.000,0.000,0.000,0.000,0.000,0.000,0.000,0.000,0.000,0.000,0.000,0.000,0.000,4.000,4.000,0.000,0.000,0.000,0.000,4.000,0.000,0.000,0.000,0.000,0.000,8.000,0.000,0.000,0.000,0.000,0.000,4.000,0.000,4.000,20.000,0.000,8.000,20.000,8.000,0.000,0.000,0.000,0.000,0.000,0.000,0.000,0.000,0.000,0.000,0.000
6097815,Belize2025_reefCensus_photoquadrats_CBC_20250625_T4_Q01_50m_P6250326_R.JPG,Confirmed,25,0.000,0.000,0.000,0.000,0.000,0.000,0.000,0.000,0.000,0.000,0.000,0.000,0.000,0.000,0.000,0.000,0.000,0.000,0.000,0.000,0.000,0.000,0.000,0.000,0.000,0.000,0.000,0.000,0.000,0.000,0.000,0.000,0.000,0.000,0.000,0.000,60.000,0.000,0.000,0.000,0.000,0.000,0.000,0.000,0.000,4.000,0.000,0.000,0.000,28.000,0.000,0.000,0.000,0.000,4.000,0.000,4.000,0.000,0.000,0.000,0.000
6097816,Belize2025_reefCensus_photoquadrats_CBC_20250625_T4_Q02_45m_P6250611_R.JPG,Confirmed,25,0.000,0.000,0.000,0.000,0.000,0.000,0.000,0.000,0.000,0.000,0.000,0.000,0.000,0.000,0.000,0.000,0.000,0.000,0.000,0.000,0.000,0.000,0.000,0.000,0.000,0.000,0.000,0.000,0.000,0.000,0.000,0.000,0.000,0.000,0.000,0.000,8.000,0.000,0.000,0.000,0.000,0.000,0.000,0.000,0.000,0.000,0.000,0.000,0.000,88.000,4.000,0.000,0.000,0.000,0.000,0.000,0.000,0.000,0.000,0.000,0.000
6097817,Belize2025_reefCensus_photoquadrats_CBC_20250625_T4_Q03_40m_P6250332_.JPG,Confirmed,25,0.000,0.000,0.000,0.000,0.000,0.000,0.000,0.000,0.000,0.000,0.000,0.000,0.000,0.000,0.000,0.000,0.000,0.000,0.000,0.000,0.000,0.000,0.000,0.000,0.000,0.000,0.000,0.000,0.000,0.000,0.000,0.000,0.000,0.000,0.000,0.000,36.000,0.000,0.000,0.000,0.000,0.000,0.000,0.000,0.000,8.000,0.000,0.000,4.000,36.000,0.000,0.000,0.000,0.000,16.000,0.000,0.000,0.000,0.000,0.000,0.000
6097818,Belize2025_reefCensus_photoquadrats_CBC_20250625_T4_Q04_35m_P6250615_R.JPG,Confirmed,25,0.000,0.000,0.000,0.000,0.000,0.000,0.000,0.000,0.000,0.000,0.000,0.000,0.000,0.000,0.000,0.000,0.000,0.000,0.000,0.000,0.000,0.000,0.000,0.000,0.000,0.000,0.000,0.000,8.000,0.000,0.000,0.000,0.000,0.000,0.000,0.000,36.000,0.000,0.000,0.000,0.000,0.000,0.000,0.000,0.000,8.000,0.000,0.000,0.000,40.000,0.000,0.000,4.000,0.000,4.000,0.000,0.000,0.000,0.000,0.000,0.000
6097819,Belize2025_reefCensus_photoquadrats_CBC_20250625_T4_Q05_30m_P6250341_R.JPG,Confirmed,25,0.000,0.000,0.000,0.000,0.000,0.000,0.000,0.000,4.000,0.000,0.000,0.000,0.000,0.000,0.000,0.000,0.000,0.000,0.000,0.000,0.000,0.000,0.000,0.000,0.000,0.000,4.000,0.000,4.000,0.000,0.000,0.000,0.000,0.000,0.000,0.000,16.000,0.000,0.000,0.000,0.000,0.000,0.000,0.000,0.000,20.000,0.000,0.000,12.000,40.000,0.000,0.000,0.000,0.000,0.000,0.000,0.000,0.000,0.000,0.000,0.000
6097820,Belize2025_reefCensus_photoquadrats_CBC_20250625_T4_Q06_25m_P6250619_R.JPG,Confirmed,25,0.000,0.000,0.000,0.000,0.000,0.000,0.000,0.000,0.000,0.000,0.000,24.000,0.000,0.000,0.000,0.000,0.000,0.000,0.000,0.000,0.000,0.000,0.000,0.000,0.000,0.000,0.000,0.000,0.000,0.000,0.000,0.000,0.000,0.000,12.000,12.000,0.000,0.000,0.000,0.000,0.000,0.000,0.000,0.000,0.000,0.000,0.000,0.000,0.000,48.000,0.000,0.000,0.000,0.000,4.000,0.000,0.000,0.000,0.000,0.000,0.000
6097821,Belize2025_reefCensus_photoquadrats_CBC_20250625_T4_Q07_20m_P6250351_R.JPG,Confirmed,25,0.000,0.000,0.000,0.000,0.000,0.000,0.000,0.000,4.000,0.000,0.000,0.000,0.000,0.000,20.000,0.000,0.000,0.000,12.000,0.000,0.000,0.000,0.000,0.000,0.000,0.000,0.000,0.000,0.000,0.000,0.000,0.000,0.000,0.000,0.000,8.000,0.000,0.000,0.000,0.000,0.000,0.000,0.000,0.000,0.000,0.000,0.000,0.000,4.000,48.000,0.000,0.000,0.000,0.000,0.000,0.000,4.000,0.000,0.000,0.000,0.000
6097822,Belize2025_reefCensus_photoquadrats_CBC_20250625_T4_Q08_15m_P6250625_R.JPG,Confirmed,25,0.000,0.000,0.000,0.000,0.000,0.000,0.000,0.000,0.000,0.000,0.000,0.000,0.000,0.000,0.000,0.000,0.000,0.000,0.000,0.000,0.000,0.000,0.000,0.000,0.000,0.000,0.000,0.000,0.000,0.000,0.000,0.000,0.000,0.000,28.000,24.000,0.000,0.000,0.000,0.000,0.000,0.000,0.000,0.000,0.000,0.000,0.000,0.000,0.000,48.000,0.000,0.000,0.000,0.000,0.000,0.000,0.000,0.000,0.000,0.000,0.000
6097823,Belize2025_reefCensus_photoquadrats_CBC_20250625_T4_Q09_10m_P6250356_R.JPG,Confirmed,25,0.000,0.000,0.000,0.000,0.000,0.000,0.000,0.000,0.000,0.000,0.000,0.000,0.000,0.000,0.000,0.000,0.000,0.000,0.000,0.000,0.000,0.000,0.000,0.000,0.000,0.000,0.000,0.000,0.000,0.000,0.000,0.000,0.000,0.000,0.000,0.000,20.000,0.000,0.000,0.000,0.000,0.000,0.000,0.000,0.000,20.000,0.000,4.000,8.000,36.000,0.000,0.000,0.000,0.000,8.000,0.000,4.000,0.000,0.000,0.000,0.000
6097824,Belize2025_reefCensus_photoquadrats_CBC_20250625_T4_Q10_5m_P6250627_R.JPG,Confirmed,25,0.000,0.000,0.000,0.000,0.000,0.000,0.000,0.000,0.000,0.000,0.000,0.000,0.000,0.000,0.000,0.000,0.000,0.000,0.000,0.000,0.000,0.000,0.000,0.000,8.000,0.000,0.000,0.000,4.000,0.000,0.000,0.000,0.000,0.000,16.000,8.000,8.000,0.000,0.000,0.000,0.000,0.000,0.000,0.000,0.000,16.000,0.000,0.000,0.000,36.000,0.000,0.000,0.000,0.000,4.000,0.000,0.000,0.000,0.000,0.000,0.000
6097825,Belize2025_reefCensus_photoquadrats_CBC_20250625_T5_Q01_50m_P6260383_R.JPG,Confirmed,25,0.000,0.000,0.000,0.000,0.000,0.000,0.000,0.000,0.000,0.000,0.000,0.000,0.000,0.000,12.000,0.000,0.000,0.000,0.000,0.000,0.000,0.000,0.000,0.000,0.000,0.000,0.000,0.000,0.000,0.000,0.000,0.000,0.000,0.000,8.000,56.000,4.000,0.000,0.000,0.000,0.000,0.000,0.000,0.000,0.000,0.000,4.000,0.000,0.000,16.000,0.000,0.000,0.000,0.000,0.000,0.000,0.000,0.000,0.000,0.000,0.000
6097826,Belize2025_reefCensus_photoquadrats_CBC_20250625_T5_Q02_45m_P6260668_R.JPG,Confirmed,25,0.000,84.000,0.000,0.000,0.000,0.000,0.000,0.000,0.000,0.000,0.000,0.000,0.000,0.000,0.000,0.000,0.000,0.000,0.000,0.000,0.000,0.000,0.000,0.000,0.000,0.000,0.000,0.000,0.000,0.000,0.000,0.000,0.000,0.000,0.000,4.000,4.000,0.000,0.000,0.000,0.000,0.000,0.000,0.000,0.000,4.000,0.000,0.000,4.000,0.000,0.000,0.000,0.000,0.000,0.000,0.000,0.000,0.000,0.000,0.000,0.000
6097827,Belize2025_reefCensus_photoquadrats_CBC_20250625_T5_Q03_40m_P6260398_R.JPG,Confirmed,25,0.000,52.000,0.000,0.000,0.000,0.000,0.000,0.000,0.000,0.000,0.000,0.000,0.000,0.000,0.000,0.000,0.000,0.000,0.000,0.000,0.000,0.000,0.000,0.000,0.000,0.000,0.000,0.000,0.000,0.000,0.000,0.000,0.000,0.000,0.000,0.000,0.000,24.000,0.000,0.000,0.000,0.000,0.000,0.000,0.000,20.000,0.000,0.000,0.000,4.000,0.000,0.000,0.000,0.000,0.000,0.000,0.000,0.000,0.000,0.000,0.000
6097828,Belize2025_reefCensus_photoquadrats_CBC_20250625_T5_Q04_35m_P6260673_R.JPG,Confirmed,25,0.000,0.000,0.000,0.000,0.000,0.000,0.000,0.000,0.000,0.000,0.000,0.000,0.000,0.000,0.000,0.000,0.000,0.000,0.000,0.000,0.000,0.000,0.000,0.000,0.000,0.000,0.000,0.000,0.000,0.000,4.000,0.000,0.000,0.000,0.000,0.000,4.000,0.000,0.000,0.000,0.000,8.000,0.000,0.000,0.000,24.000,0.000,4.000,0.000,52.000,0.000,0.000,0.000,0.000,4.000,0.000,0.000,0.000,0.000,0.000,0.000
6097829,Belize2025_reefCensus_photoquadrats_CBC_20250625_T5_Q05_30m_P6260416_R.JPG,Confirmed,25,0.000,0.000,0.000,0.000,0.000,0.000,0.000,0.000,0.000,0.000,0.000,0.000,0.000,0.000,0.000,0.000,0.000,0.000,0.000,0.000,0.000,0.000,0.000,0.000,0.000,0.000,0.000,0.000,0.000,0.000,36.000,0.000,0.000,0.000,0.000,0.000,0.000,0.000,0.000,0.000,0.000,4.000,0.000,0.000,0.000,8.000,0.000,8.000,0.000,44.000,0.000,0.000,0.000,0.000,0.000,0.000,0.000,0.000,0.000,0.000,0.000
6097830,Belize2025_reefCensus_photoquadrats_CBC_20250625_T5_Q06_25m_P6260678_R.JPG,Confirmed,25,0.000,0.000,0.000,0.000,0.000,0.000,0.000,0.000,0.000,0.000,0.000,0.000,0.000,0.000,0.000,0.000,0.000,0.000,0.000,0.000,0.000,0.000,0.000,0.000,0.000,0.000,0.000,0.000,0.000,0.000,8.000,0.000,0.000,0.000,0.000,0.000,0.000,0.000,0.000,0.000,0.000,0.000,0.000,0.000,0.000,28.000,0.000,0.000,4.000,60.000,0.000,0.000,0.000,0.000,0.000,0.000,0.000,0.000,0.000,0.000,0.000
6097831,Belize2025_reefCensus_photoquadrats_CBC_20250625_T5_Q07_20m_P6260423_R.JPG,Confirmed,25,0.000,0.000,0.000,0.000,0.000,0.000,0.000,0.000,0.000,0.000,0.000,0.000,0.000,0.000,0.000,0.000,0.000,0.000,80.000,0.000,0.000,0.000,0.000,0.000,0.000,0.000,0.000,0.000,0.000,0.000,0.000,0.000,0.000,0.000,0.000,0.000,0.000,0.000,0.000,0.000,0.000,0.000,0.000,0.000,0.000,8.000,0.000,0.000,0.000,12.000,0.000,0.000,0.000,0.000,0.000,0.000,0.000,0.000,0.000,0.000,0.000
6097832,Belize2025_reefCensus_photoquadrats_CBC_20250625_T5_Q08_15m_P6260684_R.JPG,Confirmed,25,0.000,0.000,0.000,0.000,0.000,0.000,0.000,0.000,0.000,0.000,0.000,0.000,0.000,0.000,0.000,0.000,0.000,0.000,0.000,0.000,0.000,0.000,0.000,0.000,0.000,0.000,0.000,0.000,0.000,0.000,8.000,0.000,0.000,0.000,0.000,0.000,36.000,0.000,0.000,0.000,0.000,0.000,0.000,0.000,0.000,40.000,0.000,0.000,0.000,16.000,0.000,0.000,0.000,0.000,0.000,0.000,0.000,0.000,0.000,0.000,0.000
6097833,Belize2025_reefCensus_photoquadrats_CBC_20250625_T5_Q09_10m_P6260435_R.JPG,Confirmed,25,0.000,0.000,0.000,0.000,0.000,0.000,0.000,0.000,0.000,0.000,0.000,0.000,0.000,0.000,0.000,0.000,0.000,0.000,0.000,0.000,0.000,0.000,0.000,0.000,0.000,0.000,0.000,0.000,0.000,0.000,28.000,0.000,0.000,0.000,0.000,0.000,16.000,0.000,0.000,0.000,0.000,0.000,0.000,0.000,0.000,28.000,0.000,0.000,8.000,4.000,0.000,0.000,0.000,0.000,4.000,12.000,0.000,0.000,0.000,0.000,0.000
6097834,Belize2025_reefCensus_photoquadrats_CBC_20250625_T5_Q10_5m_P6260687_R.JPG,Confirmed,25,0.000,0.000,0.000,0.000,0.000,0.000,0.000,0.000,0.000,0.000,0.000,0.000,0.000,0.000,0.000,0.000,0.000,0.000,0.000,0.000,0.000,0.000,0.000,0.000,0.000,0.000,0.000,0.000,0.000,0.000,16.000,0.000,0.000,0.000,0.000,0.000,24.000,0.000,0.000,0.000,0.000,0.000,0.000,0.000,0.000,16.000,0.000,0.000,0.000,36.000,0.000,0.000,4.000,0.000,0.000,4.000,0.000,0.000,0.000,0.000,0.000
6097835,Belize2025_reefCensus_photoquadrats_CBC_20250625_T6_Q01_50m_P6260441_R.JPG,Confirmed,25,0.000,0.000,0.000,0.000,0.000,0.000,0.000,0.000,0.000,0.000,0.000,0.000,0.000,0.000,20.000,0.000,0.000,0.000,0.000,0.000,0.000,0.000,0.000,0.000,0.000,0.000,0.000,0.000,0.000,0.000,36.000,0.000,0.000,0.000,0.000,0.000,12.000,0.000,0.000,0.000,0.000,0.000,0.000,0.000,0.000,16.000,0.000,0.000,0.000,16.000,0.000,0.000,0.000,0.000,0.000,0.000,0.000,0.000,0.000,0.000,0.000
6097836,Belize2025_reefCensus_photoquadrats_CBC_20250625_T6_Q02_45m_P6260691_R.JPG,Confirmed,25,0.000,0.000,0.000,0.000,0.000,0.000,0.000,0.000,0.000,0.000,0.000,0.000,0.000,0.000,0.000,0.000,0.000,0.000,0.000,0.000,0.000,0.000,0.000,0.000,0.000,0.000,0.000,0.000,0.000,0.000,32.000,0.000,0.000,0.000,0.000,0.000,16.000,0.000,0.000,0.000,0.000,0.000,0.000,0.000,0.000,0.000,0.000,0.000,0.000,32.000,0.000,0.000,12.000,0.000,8.000,0.000,0.000,0.000,0.000,0.000,0.000
6097837,Belize2025_reefCensus_photoquadrats_CBC_20250625_T6_Q03_40m_P6260449_R.JPG,Confirmed,25,0.000,0.000,0.000,0.000,0.000,0.000,0.000,0.000,0.000,0.000,0.000,0.000,0.000,0.000,0.000,0.000,0.000,0.000,0.000,0.000,0.000,0.000,0.000,0.000,0.000,0.000,0.000,0.000,0.000,0.000,0.000,0.000,0.000,0.000,0.000,0.000,4.000,0.000,0.000,0.000,0.000,0.000,0.000,0.000,0.000,0.000,4.000,20.000,0.000,60.000,4.000,0.000,0.000,0.000,0.000,0.000,8.000,0.000,0.000,0.000,0.000
6097838,Belize2025_reefCensus_photoquadrats_CBC_20250625_T6_Q04_35m_P6260701_R.JPG,Confirmed,25,0.000,0.000,0.000,0.000,0.000,0.000,0.000,0.000,16.000,0.000,0.000,0.000,0.000,0.000,0.000,0.000,0.000,0.000,0.000,0.000,0.000,0.000,0.000,0.000,0.000,0.000,0.000,0.000,8.000,0.000,12.000,0.000,0.000,0.000,0.000,4.000,8.000,0.000,16.000,0.000,0.000,0.000,0.000,0.000,0.000,16.000,0.000,0.000,0.000,20.000,0.000,0.000,0.000,0.000,0.000,0.000,0.000,0.000,0.000,0.000,0.000
6097839,Belize2025_reefCensus_photoquadrats_CBC_20250625_T6_Q05_30m_P6260474_R.JPG,Confirmed,25,0.000,0.000,0.000,0.000,0.000,0.000,0.000,0.000,0.000,0.000,0.000,0.000,0.000,0.000,0.000,0.000,0.000,0.000,0.000,0.000,0.000,0.000,0.000,0.000,0.000,0.000,0.000,0.000,0.000,0.000,0.000,0.000,0.000,0.000,0.000,0.000,0.000,0.000,0.000,0.000,0.000,0.000,0.000,0.000,0.000,0.000,0.000,0.000,0.000,100.000,0.000,0.000,0.000,0.000,0.000,0.000,0.000,0.000,0.000,0.000,0.000
6097840,Belize2025_reefCensus_photoquadrats_CBC_20250625_T6_Q06_25m_P6260706_R.JPG,Confirmed,25,0.000,0.000,0.000,0.000,0.000,0.000,0.000,0.000,0.000,0.000,0.000,0.000,0.000,0.000,0.000,0.000,0.000,0.000,0.000,0.000,0.000,0.000,0.000,0.000,0.000,0.000,0.000,0.000,0.000,0.000,0.000,0.000,0.000,0.000,0.000,0.000,8.000,0.000,0.000,0.000,0.000,0.000,0.000,4.000,0.000,12.000,0.000,0.000,4.000,56.000,8.000,0.000,4.000,0.000,0.000,4.000,0.000,0.000,0.000,0.000,0.000
6097841,Belize2025_reefCensus_photoquadrats_CBC_20250625_T6_Q07_20m_P6260489_R.JPG,Confirmed,25,0.000,0.000,0.000,0.000,0.000,0.000,0.000,0.000,0.000,0.000,4.000,12.000,0.000,0.000,0.000,0.000,0.000,0.000,0.000,0.000,0.000,0.000,0.000,0.000,0.000,0.000,0.000,0.000,0.000,8.000,0.000,0.000,0.000,0.000,0.000,0.000,4.000,4.000,0.000,0.000,0.000,0.000,0.000,4.000,0.000,16.000,0.000,16.000,16.000,16.000,0.000,0.000,0.000,0.000,0.000,0.000,0.000,0.000,0.000,0.000,0.000
6097842,Belize2025_reefCensus_photoquadrats_CBC_20250625_T6_Q08_15m_P6260710_R.JPG,Confirmed,25,0.000,0.000,0.000,0.000,0.000,0.000,0.000,0.000,0.000,0.000,0.000,4.000,0.000,0.000,0.000,0.000,0.000,0.000,0.000,0.000,0.000,0.000,0.000,0.000,0.000,0.000,0.000,0.000,0.000,0.000,0.000,0.000,0.000,0.000,0.000,0.000,8.000,0.000,0.000,0.000,0.000,0.000,0.000,4.000,0.000,24.000,0.000,4.000,28.000,16.000,8.000,0.000,0.000,0.000,0.000,4.000,0.000,0.000,0.000,0.000,0.000
6097843,Belize2025_reefCensus_photoquadrats_CBC_20250625_T6_Q09_10m_P6260497_R.JPG,Confirmed,25,0.000,12.000,0.000,0.000,0.000,0.000,0.000,0.000,0.000,0.000,0.000,0.000,0.000,0.000,0.000,0.000,0.000,0.000,0.000,0.000,0.000,0.000,0.000,0.000,0.000,0.000,0.000,0.000,0.000,0.000,16.000,0.000,0.000,0.000,0.000,4.000,4.000,0.000,0.000,0.000,0.000,0.000,0.000,0.000,0.000,8.000,0.000,0.000,16.000,28.000,8.000,0.000,4.000,0.000,0.000,0.000,0.000,0.000,0.000,0.000,0.000
6097844,Belize2025_reefCensus_photoquadrats_CBC_20250625_T6_Q10_5m_P6260716_R.JPG,Confirmed,25,0.000,0.000,0.000,0.000,0.000,0.000,0.000,0.000,0.000,0.000,0.000,0.000,0.000,0.000,0.000,0.000,0.000,0.000,0.000,0.000,0.000,0.000,0.000,0.000,0.000,0.000,0.000,0.000,0.000,0.000,0.000,0.000,0.000,0.000,0.000,4.000,0.000,0.000,0.000,0.000,0.000,0.000,0.000,0.000,0.000,12.000,0.000,4.000,52.000,24.000,4.000,0.000,0.000,0.000,0.000,0.000,0.000,0.000,0.000,0.000,0.000
6097725,Belize2025_reefCensus_photoquadrats_WhaleShoal_20250622_T1_Q01_50m_P6220296_R.JPG,Confirmed,25,0.000,0.000,0.000,0.000,0.000,0.000,0.000,0.000,0.000,0.000,0.000,0.000,0.000,0.000,0.000,0.000,0.000,0.000,0.000,0.000,0.000,0.000,0.000,0.000,0.000,0.000,0.000,0.000,0.000,0.000,0.000,0.000,0.000,0.000,16.000,0.000,0.000,0.000,0.000,0.000,0.000,24.000,0.000,8.000,0.000,12.000,0.000,4.000,16.000,8.000,0.000,0.000,0.000,0.000,12.000,0.000,0.000,0.000,0.000,0.000,0.000
6097726,Belize2025_reefCensus_photoquadrats_WhaleShoal_20250622_T1_Q02_45m_P6220299_R.JPG,Confirmed,25,0.000,0.000,0.000,0.000,0.000,0.000,0.000,0.000,0.000,0.000,0.000,0.000,0.000,0.000,0.000,0.000,0.000,0.000,0.000,0.000,0.000,0.000,0.000,0.000,4.000,0.000,0.000,0.000,0.000,0.000,0.000,0.000,0.000,0.000,0.000,0.000,4.000,4.000,0.000,0.000,0.000,4.000,0.000,0.000,20.000,28.000,0.000,4.000,20.000,0.000,8.000,0.000,0.000,0.000,4.000,0.000,0.000,0.000,0.000,0.000,0.000
6097727,Belize2025_reefCensus_photoquadrats_WhaleShoal_20250622_T1_Q03_40m_P6220305_R.JPG,Confirmed,25,0.000,0.000,0.000,0.000,0.000,0.000,0.000,0.000,0.000,0.000,0.000,0.000,0.000,0.000,8.000,0.000,0.000,0.000,0.000,0.000,0.000,0.000,0.000,0.000,0.000,0.000,0.000,0.000,0.000,0.000,0.000,0.000,0.000,0.000,8.000,0.000,4.000,0.000,0.000,0.000,0.000,0.000,4.000,0.000,8.000,20.000,0.000,8.000,0.000,16.000,0.000,0.000,4.000,0.000,20.000,0.000,0.000,0.000,0.000,0.000,0.000
6097728,Belize2025_reefCensus_photoquadrats_WhaleShoal_20250622_T1_Q04_35m_P6220310_R.JPG,Confirmed,25,0.000,0.000,0.000,0.000,0.000,0.000,0.000,0.000,0.000,0.000,0.000,0.000,0.000,0.000,0.000,0.000,0.000,0.000,0.000,0.000,0.000,0.000,0.000,0.000,0.000,12.000,0.000,0.000,0.000,0.000,0.000,0.000,0.000,0.000,20.000,0.000,0.000,0.000,0.000,0.000,0.000,0.000,0.000,0.000,4.000,4.000,0.000,4.000,0.000,0.000,0.000,0.000,0.000,0.000,52.000,0.000,4.000,0.000,0.000,0.000,0.000
6097729,Belize2025_reefCensus_photoquadrats_WhaleShoal_20250622_T1_Q05_30m_P6220314_R.JPG,Confirmed,25,0.000,0.000,0.000,0.000,0.000,0.000,0.000,0.000,0.000,0.000,0.000,0.000,0.000,0.000,0.000,0.000,0.000,0.000,0.000,0.000,0.000,0.000,0.000,0.000,0.000,0.000,0.000,0.000,0.000,0.000,0.000,16.000,0.000,0.000,24.000,0.000,0.000,0.000,0.000,0.000,0.000,0.000,0.000,0.000,12.000,0.000,0.000,8.000,0.000,0.000,0.000,0.000,0.000,0.000,12.000,0.000,8.000,0.000,0.000,0.000,20.000
6097730,Belize2025_reefCensus_photoquadrats_WhaleShoal_20250622_T1_Q06_25m_P6220318_R.JPG,Confirmed,25,0.000,0.000,0.000,0.000,0.000,0.000,0.000,0.000,0.000,0.000,0.000,0.000,0.000,0.000,0.000,0.000,0.000,0.000,0.000,0.000,0.000,0.000,0.000,0.000,0.000,0.000,0.000,0.000,0.000,0.000,0.000,0.000,0.000,0.000,20.000,0.000,4.000,0.000,0.000,0.000,0.000,12.000,0.000,0.000,8.000,8.000,0.000,20.000,8.000,8.000,0.000,0.000,0.000,0.000,12.000,0.000,0.000,0.000,0.000,0.000,0.000
6097731,Belize2025_reefCensus_photoquadrats_WhaleShoal_20250622_T1_Q07_20m_P6220325_R.JPG,Confirmed,25,0.000,0.000,0.000,0.000,0.000,0.000,0.000,0.000,0.000,0.000,0.000,0.000,0.000,0.000,0.000,0.000,0.000,0.000,0.000,0.000,0.000,0.000,0.000,0.000,0.000,0.000,0.000,0.000,4.000,0.000,4.000,0.000,0.000,0.000,0.000,0.000,12.000,0.000,0.000,0.000,0.000,4.000,0.000,0.000,8.000,16.000,12.000,12.000,0.000,16.000,0.000,0.000,0.000,0.000,12.000,0.000,0.000,0.000,0.000,0.000,0.000
6097732,Belize2025_reefCensus_photoquadrats_WhaleShoal_20250622_T1_Q08_15m_P6220330_R.JPG,Confirmed,25,0.000,0.000,0.000,0.000,0.000,0.000,0.000,0.000,0.000,0.000,0.000,0.000,0.000,0.000,0.000,0.000,0.000,0.000,0.000,0.000,0.000,0.000,0.000,0.000,0.000,0.000,0.000,0.000,0.000,0.000,4.000,12.000,0.000,0.000,0.000,0.000,4.000,0.000,0.000,0.000,0.000,0.000,0.000,0.000,0.000,0.000,0.000,0.000,24.000,32.000,16.000,0.000,0.000,0.000,8.000,0.000,0.000,0.000,0.000,0.000,0.000
6097733,Belize2025_reefCensus_photoquadrats_WhaleShoal_20250622_T1_Q09_10m_P6220335_R.JPG,Confirmed,25,0.000,0.000,0.000,0.000,0.000,0.000,0.000,0.000,0.000,0.000,0.000,0.000,0.000,0.000,0.000,0.000,0.000,0.000,0.000,0.000,0.000,0.000,0.000,0.000,0.000,0.000,0.000,0.000,0.000,0.000,0.000,0.000,0.000,0.000,52.000,0.000,0.000,0.000,0.000,0.000,0.000,0.000,0.000,0.000,0.000,0.000,0.000,4.000,0.000,0.000,0.000,0.000,0.000,0.000,4.000,0.000,0.000,0.000,0.000,0.000,40.000
6097734,Belize2025_reefCensus_photoquadrats_WhaleShoal_20250622_T1_Q10_5m_P6220340_R.JPG,Confirmed,25,0.000,0.000,0.000,0.000,0.000,0.000,0.000,0.000,0.000,0.000,0.000,0.000,16.000,0.000,0.000,0.000,0.000,0.000,0.000,0.000,0.000,0.000,0.000,0.000,0.000,0.000,0.000,0.000,0.000,0.000,8.000,0.000,0.000,0.000,0.000,0.000,0.000,0.000,0.000,0.000,0.000,0.000,0.000,0.000,0.000,32.000,4.000,4.000,20.000,8.000,0.000,0.000,0.000,0.000,4.000,0.000,4.000,0.000,0.000,0.000,0.000
6097735,Belize2025_reefCensus_photoquadrats_WhaleShoal_20250622_T2_Q01_0m_P6220344_R.JPG,Confirmed,25,0.000,0.000,0.000,0.000,0.000,0.000,0.000,0.000,0.000,0.000,0.000,0.000,0.000,0.000,0.000,0.000,0.000,0.000,0.000,0.000,0.000,0.000,0.000,0.000,4.000,0.000,0.000,0.000,0.000,0.000,0.000,20.000,0.000,0.000,0.000,0.000,0.000,0.000,0.000,0.000,0.000,0.000,0.000,0.000,0.000,0.000,0.000,28.000,0.000,12.000,0.000,0.000,0.000,0.000,36.000,0.000,0.000,0.000,0.000,0.000,0.000
6097736,Belize2025_reefCensus_photoquadrats_WhaleShoal_20250622_T2_Q02_5m_P6220348_R.JPG,Confirmed,25,0.000,0.000,0.000,0.000,0.000,0.000,0.000,0.000,0.000,0.000,0.000,0.000,0.000,0.000,0.000,0.000,0.000,0.000,0.000,0.000,0.000,0.000,0.000,0.000,0.000,0.000,0.000,0.000,0.000,0.000,0.000,16.000,0.000,0.000,0.000,0.000,8.000,0.000,0.000,0.000,0.000,0.000,0.000,0.000,8.000,4.000,4.000,16.000,0.000,8.000,0.000,0.000,0.000,0.000,24.000,0.000,12.000,0.000,0.000,0.000,0.000
6097737,Belize2025_reefCensus_photoquadrats_WhaleShoal_20250622_T2_Q03_10m_P6220356_R.JPG,Confirmed,25,0.000,0.000,0.000,0.000,0.000,0.000,0.000,0.000,0.000,0.000,0.000,0.000,0.000,0.000,0.000,0.000,0.000,0.000,0.000,0.000,0.000,0.000,4.000,0.000,12.000,0.000,0.000,0.000,0.000,0.000,0.000,0.000,0.000,0.000,0.000,0.000,12.000,0.000,0.000,0.000,0.000,0.000,4.000,0.000,4.000,0.000,0.000,12.000,0.000,0.000,0.000,0.000,0.000,0.000,44.000,0.000,8.000,0.000,0.000,0.000,0.000
6097738,Belize2025_reefCensus_photoquadrats_WhaleShoal_20250622_T2_Q04_15m_P6220361_R.JPG,Confirmed,25,0.000,0.000,0.000,0.000,0.000,0.000,0.000,0.000,0.000,0.000,0.000,0.000,0.000,0.000,0.000,0.000,0.000,0.000,0.000,0.000,0.000,0.000,0.000,0.000,4.000,0.000,8.000,0.000,0.000,0.000,0.000,4.000,0.000,0.000,0.000,4.000,12.000,4.000,0.000,0.000,0.000,0.000,0.000,0.000,0.000,12.000,0.000,24.000,0.000,0.000,0.000,0.000,0.000,0.000,24.000,0.000,4.000,0.000,0.000,0.000,0.000
6097739,Belize2025_reefCensus_photoquadrats_WhaleShoal_20250622_T2_Q05_20m_P6220364_R.JPG,Confirmed,25,0.000,0.000,0.000,12.000,0.000,0.000,0.000,0.000,0.000,0.000,0.000,0.000,0.000,0.000,0.000,0.000,0.000,0.000,0.000,0.000,4.000,0.000,0.000,0.000,0.000,0.000,0.000,0.000,4.000,0.000,4.000,0.000,0.000,0.000,0.000,0.000,0.000,0.000,0.000,0.000,0.000,0.000,0.000,0.000,4.000,0.000,0.000,16.000,4.000,0.000,0.000,0.000,4.000,0.000,36.000,0.000,0.000,0.000,0.000,0.000,12.000
6097740,Belize2025_reefCensus_photoquadrats_WhaleShoal_20250622_T2_Q06_25m_P6220372_R.JPG,Confirmed,25,0.000,0.000,0.000,0.000,0.000,0.000,0.000,0.000,0.000,0.000,12.000,0.000,0.000,0.000,0.000,0.000,0.000,0.000,0.000,0.000,0.000,0.000,0.000,0.000,0.000,0.000,0.000,0.000,36.000,0.000,0.000,4.000,0.000,0.000,0.000,0.000,0.000,0.000,0.000,0.000,0.000,0.000,0.000,0.000,0.000,0.000,0.000,40.000,0.000,0.000,0.000,0.000,0.000,0.000,8.000,0.000,0.000,0.000,0.000,0.000,0.000
6097741,Belize2025_reefCensus_photoquadrats_WhaleShoal_20250622_T2_Q07_30m_P6220376_R.JPG,Confirmed,25,0.000,0.000,0.000,0.000,0.000,0.000,0.000,0.000,0.000,0.000,0.000,0.000,0.000,0.000,0.000,0.000,20.000,0.000,0.000,0.000,0.000,0.000,0.000,0.000,0.000,0.000,0.000,0.000,0.000,0.000,4.000,0.000,0.000,0.000,0.000,0.000,0.000,0.000,0.000,0.000,0.000,0.000,4.000,0.000,0.000,60.000,0.000,8.000,0.000,0.000,0.000,0.000,0.000,0.000,4.000,0.000,0.000,0.000,0.000,0.000,0.000
6097742,Belize2025_reefCensus_photoquadrats_WhaleShoal_20250622_T2_Q08_35m_P6220385_R.JPG,Confirmed,25,0.000,0.000,4.000,0.000,0.000,0.000,0.000,0.000,0.000,0.000,0.000,0.000,0.000,0.000,0.000,0.000,0.000,0.000,0.000,0.000,0.000,0.000,0.000,0.000,4.000,0.000,0.000,0.000,0.000,0.000,0.000,8.000,0.000,0.000,12.000,0.000,0.000,0.000,0.000,0.000,0.000,8.000,0.000,0.000,0.000,8.000,0.000,8.000,8.000,0.000,0.000,0.000,0.000,0.000,40.000,0.000,0.000,0.000,0.000,0.000,0.000
6097743,Belize2025_reefCensus_photoquadrats_WhaleShoal_20250622_T2_Q09_40m_P6220391_R.JPG,Confirmed,25,0.000,0.000,0.000,0.000,4.000,0.000,0.000,0.000,0.000,0.000,0.000,0.000,0.000,0.000,0.000,0.000,0.000,0.000,0.000,0.000,0.000,0.000,0.000,0.000,0.000,0.000,0.000,0.000,0.000,0.000,0.000,0.000,0.000,0.000,0.000,0.000,4.000,0.000,0.000,0.000,0.000,0.000,8.000,0.000,4.000,20.000,0.000,12.000,8.000,0.000,0.000,0.000,0.000,0.000,40.000,0.000,0.000,0.000,0.000,0.000,0.000
6097744,Belize2025_reefCensus_photoquadrats_WhaleShoal_20250622_T2_Q10_45m_P6220396_R.JPG,Confirmed,25,0.000,0.000,0.000,0.000,0.000,0.000,0.000,0.000,0.000,0.000,0.000,0.000,0.000,0.000,4.000,0.000,0.000,0.000,0.000,0.000,0.000,0.000,0.000,0.000,0.000,0.000,0.000,0.000,0.000,0.000,8.000,4.000,0.000,0.000,0.000,4.000,0.000,0.000,0.000,0.000,0.000,0.000,4.000,4.000,8.000,12.000,0.000,12.000,16.000,0.000,0.000,4.000,0.000,0.000,20.000,0.000,0.000,0.000,0.000,0.000,0.000
6097745,Belize2025_reefCensus_photoquadrats_WhaleShoal_20250622_T3_Q01_0m_P6220404_R.JPG,Confirmed,25,0.000,0.000,0.000,0.000,0.000,0.000,0.000,0.000,0.000,0.000,0.000,0.000,0.000,0.000,0.000,0.000,0.000,0.000,0.000,0.000,0.000,0.000,0.000,0.000,20.000,0.000,0.000,0.000,0.000,0.000,0.000,0.000,0.000,0.000,16.000,0.000,0.000,0.000,0.000,0.000,0.000,0.000,20.000,0.000,4.000,8.000,0.000,0.000,0.000,0.000,0.000,0.000,0.000,0.000,16.000,0.000,0.000,0.000,4.000,0.000,12.000
6097746,Belize2025_reefCensus_photoquadrats_WhaleShoal_20250622_T3_Q02_5m_P6220408_R.JPG,Confirmed,25,0.000,0.000,0.000,0.000,8.000,0.000,0.000,0.000,0.000,0.000,0.000,0.000,0.000,0.000,0.000,0.000,8.000,0.000,0.000,0.000,0.000,0.000,0.000,0.000,4.000,0.000,4.000,0.000,12.000,0.000,4.000,8.000,0.000,0.000,0.000,0.000,0.000,0.000,0.000,0.000,0.000,0.000,0.000,0.000,0.000,12.000,0.000,28.000,0.000,0.000,0.000,0.000,0.000,0.000,12.000,0.000,0.000,0.000,0.000,0.000,0.000
6097747,Belize2025_reefCensus_photoquadrats_WhaleShoal_20250622_T3_Q03_10m_P6220413_R.JPG,Confirmed,25,0.000,0.000,0.000,0.000,0.000,0.000,0.000,0.000,0.000,0.000,0.000,0.000,0.000,0.000,0.000,0.000,0.000,0.000,0.000,0.000,0.000,0.000,0.000,0.000,44.000,0.000,0.000,0.000,0.000,0.000,0.000,0.000,0.000,0.000,0.000,0.000,0.000,0.000,0.000,0.000,0.000,0.000,0.000,0.000,32.000,4.000,0.000,4.000,4.000,0.000,0.000,0.000,0.000,0.000,12.000,0.000,0.000,0.000,0.000,0.000,0.000
6097748,Belize2025_reefCensus_photoquadrats_WhaleShoal_20250622_T3_Q04_15m_P6220416_R.JPG,Confirmed,25,0.000,0.000,0.000,0.000,0.000,0.000,0.000,0.000,0.000,0.000,0.000,0.000,0.000,0.000,0.000,0.000,0.000,0.000,0.000,0.000,0.000,0.000,0.000,0.000,4.000,0.000,4.000,0.000,0.000,0.000,4.000,8.000,0.000,0.000,0.000,0.000,0.000,0.000,0.000,0.000,0.000,4.000,0.000,0.000,12.000,28.000,0.000,24.000,0.000,0.000,0.000,0.000,0.000,0.000,8.000,0.000,4.000,0.000,0.000,0.000,0.000
6097749,Belize2025_reefCensus_photoquadrats_WhaleShoal_20250622_T3_Q05_20m_P6220423_R.JPG,Confirmed,25,0.000,0.000,0.000,0.000,0.000,0.000,0.000,0.000,0.000,0.000,0.000,0.000,0.000,0.000,0.000,0.000,0.000,0.000,0.000,0.000,0.000,0.000,0.000,0.000,0.000,0.000,0.000,0.000,0.000,0.000,8.000,4.000,0.000,0.000,8.000,0.000,0.000,0.000,0.000,0.000,0.000,4.000,0.000,0.000,8.000,12.000,0.000,8.000,4.000,0.000,8.000,0.000,0.000,0.000,32.000,4.000,0.000,0.000,0.000,0.000,0.000
6097750,Belize2025_reefCensus_photoquadrats_WhaleShoal_20250622_T3_Q06_25m_P6220426_R.JPG,Confirmed,25,0.000,0.000,0.000,0.000,0.000,0.000,0.000,0.000,0.000,0.000,0.000,0.000,0.000,0.000,0.000,0.000,0.000,0.000,0.000,0.000,0.000,0.000,0.000,0.000,0.000,0.000,8.000,0.000,0.000,0.000,0.000,0.000,0.000,0.000,16.000,0.000,0.000,4.000,0.000,0.000,0.000,0.000,0.000,0.000,4.000,12.000,0.000,12.000,4.000,0.000,0.000,0.000,4.000,0.000,36.000,0.000,0.000,0.000,0.000,0.000,0.000
6097751,Belize2025_reefCensus_photoquadrats_WhaleShoal_20250622_T3_Q07_30m_P6220429_R.JPG,Confirmed,25,0.000,0.000,0.000,0.000,0.000,0.000,0.000,0.000,0.000,0.000,0.000,0.000,0.000,0.000,0.000,0.000,0.000,0.000,0.000,0.000,0.000,0.000,0.000,0.000,0.000,0.000,0.000,0.000,40.000,0.000,8.000,0.000,0.000,0.000,0.000,0.000,0.000,0.000,0.000,0.000,0.000,0.000,0.000,0.000,8.000,12.000,0.000,8.000,12.000,0.000,0.000,0.000,0.000,0.000,12.000,0.000,0.000,0.000,0.000,0.000,0.000
6097752,Belize2025_reefCensus_photoquadrats_WhaleShoal_20250622_T3_Q08_35m_P6220433_R.JPG,Confirmed,25,0.000,0.000,0.000,0.000,4.000,0.000,0.000,0.000,0.000,0.000,0.000,0.000,0.000,0.000,8.000,0.000,0.000,0.000,0.000,0.000,0.000,0.000,0.000,0.000,12.000,12.000,0.000,0.000,0.000,0.000,0.000,20.000,0.000,0.000,4.000,0.000,0.000,0.000,0.000,0.000,0.000,0.000,0.000,0.000,12.000,0.000,0.000,8.000,0.000,0.000,0.000,0.000,0.000,0.000,20.000,0.000,0.000,0.000,0.000,0.000,0.000
6097753,Belize2025_reefCensus_photoquadrats_WhaleShoal_20250622_T3_Q09_40m_P6220439_R.JPG,Confirmed,25,0.000,0.000,0.000,0.000,0.000,0.000,0.000,0.000,0.000,0.000,0.000,0.000,0.000,0.000,0.000,0.000,0.000,0.000,0.000,0.000,4.000,0.000,0.000,0.000,0.000,0.000,0.000,0.000,0.000,0.000,4.000,0.000,0.000,0.000,0.000,4.000,8.000,4.000,0.000,0.000,0.000,0.000,0.000,0.000,12.000,28.000,0.000,28.000,0.000,0.000,0.000,0.000,0.000,0.000,8.000,0.000,0.000,0.000,0.000,0.000,0.000
6097754,Belize2025_reefCensus_photoquadrats_WhaleShoal_20250622_T3_Q10_45m_P6220447_R.JPG,Confirmed,25,0.000,0.000,0.000,0.000,0.000,0.000,0.000,0.000,0.000,0.000,0.000,0.000,0.000,0.000,0.000,0.000,0.000,0.000,0.000,0.000,0.000,0.000,0.000,4.000,4.000,0.000,4.000,0.000,0.000,0.000,4.000,12.000,0.000,0.000,8.000,0.000,0.000,4.000,0.000,0.000,0.000,0.000,4.000,0.000,8.000,4.000,0.000,0.000,0.000,0.000,0.000,0.000,0.000,0.000,44.000,0.000,0.000,0.000,0.000,0.000,0.000
6097755,Belize2025_reefCensus_photoquadrats_WhaleShoal_20250622_T4_Q01_50m_P6230179_R.JPG,Confirmed,25,0.000,0.000,0.000,0.000,4.000,0.000,0.000,0.000,0.000,0.000,0.000,0.000,0.000,0.000,0.000,0.000,0.000,0.000,0.000,0.000,0.000,0.000,4.000,0.000,16.000,0.000,0.000,0.000,0.000,0.000,4.000,0.000,0.000,0.000,0.000,4.000,4.000,0.000,0.000,0.000,0.000,4.000,4.000,0.000,8.000,4.000,0.000,16.000,0.000,4.000,0.000,0.000,8.000,0.000,16.000,0.000,0.000,0.000,0.000,0.000,0.000
6097756,Belize2025_reefCensus_photoquadrats_WhaleShoal_20250622_T4_Q02_45m_P6230181_R.JPG,Confirmed,25,0.000,0.000,0.000,0.000,0.000,0.000,0.000,0.000,0.000,0.000,0.000,0.000,0.000,0.000,0.000,0.000,8.000,0.000,0.000,0.000,0.000,0.000,0.000,0.000,12.000,0.000,0.000,0.000,0.000,0.000,0.000,0.000,0.000,0.000,0.000,0.000,16.000,0.000,0.000,0.000,0.000,4.000,4.000,0.000,4.000,4.000,0.000,28.000,0.000,8.000,0.000,0.000,8.000,0.000,4.000,0.000,0.000,0.000,0.000,0.000,0.000
6097757,Belize2025_reefCensus_photoquadrats_WhaleShoal_20250622_T4_Q03_40m_P6230193_R.JPG,Confirmed,25,0.000,0.000,0.000,20.000,0.000,0.000,0.000,0.000,0.000,0.000,0.000,0.000,0.000,0.000,0.000,0.000,0.000,0.000,0.000,0.000,0.000,0.000,0.000,0.000,0.000,0.000,0.000,0.000,0.000,0.000,0.000,0.000,0.000,0.000,4.000,0.000,0.000,0.000,0.000,0.000,0.000,4.000,0.000,0.000,20.000,0.000,0.000,0.000,28.000,8.000,0.000,0.000,8.000,0.000,8.000,0.000,0.000,0.000,0.000,0.000,0.000
6097758,Belize2025_reefCensus_photoquadrats_WhaleShoal_20250622_T4_Q04_35m_P6230197_R.JPG,Confirmed,25,0.000,0.000,0.000,0.000,0.000,0.000,0.000,0.000,0.000,0.000,0.000,0.000,0.000,0.000,0.000,0.000,0.000,0.000,0.000,0.000,0.000,0.000,0.000,0.000,0.000,0.000,0.000,0.000,0.000,0.000,0.000,0.000,0.000,0.000,0.000,0.000,0.000,0.000,0.000,0.000,0.000,0.000,0.000,0.000,16.000,0.000,0.000,0.000,0.000,36.000,48.000,0.000,0.000,0.000,0.000,0.000,0.000,0.000,0.000,0.000,0.000
6097759,Belize2025_reefCensus_photoquadrats_WhaleShoal_20250622_T4_Q05_30m_P6230203_R.JPG,Confirmed,25,0.000,0.000,0.000,0.000,0.000,0.000,0.000,0.000,0.000,0.000,0.000,0.000,0.000,0.000,0.000,0.000,0.000,0.000,0.000,0.000,0.000,0.000,0.000,0.000,0.000,0.000,0.000,0.000,0.000,0.000,4.000,0.000,0.000,0.000,20.000,0.000,0.000,0.000,0.000,0.000,0.000,4.000,0.000,4.000,8.000,0.000,0.000,28.000,0.000,20.000,0.000,0.000,4.000,0.000,8.000,0.000,0.000,0.000,0.000,0.000,0.000
6097760,Belize2025_reefCensus_photoquadrats_WhaleShoal_20250622_T4_Q06_25m_P6230208_R.JPG,Confirmed,25,0.000,0.000,0.000,0.000,0.000,0.000,0.000,0.000,0.000,0.000,0.000,0.000,0.000,0.000,0.000,0.000,0.000,0.000,0.000,0.000,0.000,0.000,0.000,0.000,4.000,0.000,0.000,0.000,0.000,0.000,0.000,4.000,0.000,0.000,12.000,0.000,0.000,0.000,0.000,0.000,0.000,0.000,16.000,0.000,0.000,0.000,0.000,8.000,4.000,12.000,0.000,4.000,12.000,0.000,16.000,0.000,8.000,0.000,0.000,0.000,0.000
6097761,Belize2025_reefCensus_photoquadrats_WhaleShoal_20250622_T4_Q07_20m_P6230212_R.JPG,Confirmed,25,0.000,0.000,0.000,0.000,0.000,0.000,0.000,0.000,0.000,0.000,0.000,0.000,0.000,0.000,4.000,0.000,0.000,0.000,0.000,0.000,0.000,0.000,0.000,0.000,4.000,0.000,0.000,0.000,0.000,0.000,4.000,0.000,0.000,0.000,4.000,0.000,4.000,0.000,0.000,0.000,0.000,4.000,0.000,0.000,0.000,4.000,0.000,8.000,12.000,12.000,0.000,0.000,24.000,0.000,16.000,0.000,0.000,0.000,0.000,0.000,0.000
6097762,Belize2025_reefCensus_photoquadrats_WhaleShoal_20250622_T4_Q08_15m_P6230215_R.JPG,Confirmed,25,0.000,0.000,0.000,0.000,0.000,0.000,0.000,0.000,0.000,0.000,0.000,0.000,0.000,0.000,0.000,0.000,0.000,0.000,0.000,0.000,0.000,0.000,0.000,0.000,4.000,0.000,0.000,0.000,0.000,0.000,4.000,0.000,0.000,0.000,0.000,0.000,0.000,4.000,0.000,0.000,0.000,0.000,8.000,0.000,0.000,28.000,0.000,4.000,24.000,4.000,0.000,0.000,4.000,0.000,8.000,0.000,4.000,0.000,4.000,0.000,0.000
6097763,Belize2025_reefCensus_photoquadrats_WhaleShoal_20250622_T4_Q09_10m_P6230219_R.JPG,Confirmed,25,0.000,0.000,0.000,0.000,0.000,0.000,0.000,0.000,0.000,0.000,0.000,0.000,0.000,0.000,4.000,0.000,0.000,0.000,0.000,0.000,0.000,0.000,0.000,0.000,0.000,0.000,0.000,0.000,0.000,0.000,0.000,0.000,0.000,0.000,0.000,0.000,4.000,0.000,0.000,0.000,0.000,8.000,0.000,0.000,0.000,4.000,0.000,20.000,8.000,36.000,0.000,0.000,4.000,0.000,12.000,0.000,0.000,0.000,0.000,0.000,0.000
6097764,Belize2025_reefCensus_photoquadrats_WhaleShoal_20250622_T4_Q10_5m_P6230226_R.JPG,Confirmed,25,0.000,0.000,0.000,0.000,0.000,0.000,0.000,0.000,0.000,0.000,0.000,0.000,0.000,0.000,0.000,0.000,0.000,0.000,0.000,0.000,0.000,0.000,0.000,0.000,0.000,0.000,0.000,0.000,0.000,0.000,0.000,0.000,0.000,0.000,0.000,0.000,0.000,0.000,0.000,0.000,0.000,0.000,0.000,0.000,4.000,8.000,0.000,8.000,24.000,16.000,0.000,0.000,0.000,0.000,40.000,0.000,0.000,0.000,0.000,0.000,0.000
6097765,Belize2025_reefCensus_photoquadrats_WhaleShoal_20250622_T5_Q01_50m_P6230230_R.JPG,Confirmed,25,0.000,0.000,0.000,0.000,0.000,0.000,0.000,0.000,0.000,0.000,0.000,0.000,0.000,0.000,0.000,0.000,0.000,0.000,0.000,0.000,0.000,0.000,0.000,0.000,0.000,0.000,0.000,0.000,0.000,0.000,0.000,0.000,0.000,0.000,0.000,0.000,8.000,0.000,0.000,0.000,0.000,0.000,0.000,0.000,0.000,4.000,4.000,44.000,8.000,12.000,0.000,0.000,0.000,0.000,16.000,0.000,4.000,0.000,0.000,0.000,0.000
6097766,Belize2025_reefCensus_photoquadrats_WhaleShoal_20250622_T5_Q02_45m_P6230235_R.JPG,Confirmed,25,0.000,0.000,0.000,0.000,0.000,0.000,0.000,0.000,0.000,0.000,0.000,0.000,0.000,0.000,0.000,0.000,0.000,0.000,0.000,0.000,0.000,0.000,0.000,0.000,0.000,0.000,0.000,0.000,0.000,0.000,0.000,0.000,0.000,0.000,0.000,0.000,0.000,4.000,0.000,0.000,0.000,0.000,4.000,0.000,28.000,8.000,0.000,12.000,8.000,0.000,0.000,4.000,4.000,0.000,28.000,0.000,0.000,0.000,0.000,0.000,0.000
6097767,Belize2025_reefCensus_photoquadrats_WhaleShoal_20250622_T5_Q03_40m_P6230242_R.JPG,Confirmed,25,0.000,0.000,0.000,0.000,0.000,0.000,0.000,0.000,0.000,0.000,0.000,0.000,0.000,0.000,0.000,0.000,0.000,0.000,0.000,0.000,0.000,0.000,0.000,0.000,4.000,0.000,0.000,0.000,0.000,0.000,0.000,0.000,0.000,0.000,0.000,0.000,0.000,0.000,0.000,0.000,0.000,0.000,4.000,0.000,0.000,28.000,0.000,12.000,24.000,8.000,0.000,0.000,4.000,0.000,16.000,0.000,0.000,0.000,0.000,0.000,0.000
6097768,Belize2025_reefCensus_photoquadrats_WhaleShoal_20250622_T5_Q04_35m_P6230244_R.JPG,Confirmed,25,0.000,0.000,0.000,0.000,0.000,0.000,0.000,0.000,0.000,0.000,0.000,0.000,0.000,0.000,0.000,0.000,8.000,0.000,0.000,0.000,8.000,0.000,0.000,0.000,0.000,0.000,0.000,0.000,0.000,0.000,0.000,0.000,0.000,0.000,0.000,8.000,0.000,0.000,0.000,0.000,0.000,0.000,4.000,0.000,0.000,16.000,0.000,12.000,12.000,0.000,0.000,0.000,12.000,0.000,20.000,0.000,0.000,0.000,0.000,0.000,0.000
6097769,Belize2025_reefCensus_photoquadrats_WhaleShoal_20250622_T5_Q05_30m_P6230248_R.JPG,Confirmed,25,0.000,0.000,0.000,0.000,0.000,0.000,0.000,0.000,0.000,0.000,0.000,0.000,0.000,0.000,0.000,0.000,0.000,0.000,0.000,0.000,0.000,0.000,0.000,0.000,0.000,0.000,0.000,0.000,0.000,0.000,0.000,0.000,0.000,0.000,60.000,0.000,0.000,0.000,0.000,0.000,0.000,0.000,0.000,0.000,0.000,0.000,0.000,0.000,0.000,0.000,0.000,0.000,0.000,0.000,0.000,0.000,0.000,0.000,0.000,0.000,40.000
6097770,Belize2025_reefCensus_photoquadrats_WhaleShoal_20250622_T5_Q06_25m_P6230254_R.JPG,Confirmed,25,0.000,0.000,0.000,0.000,0.000,0.000,0.000,0.000,0.000,0.000,0.000,0.000,0.000,0.000,0.000,0.000,12.000,0.000,0.000,0.000,0.000,0.000,0.000,0.000,0.000,0.000,0.000,0.000,0.000,0.000,4.000,0.000,0.000,0.000,0.000,0.000,0.000,0.000,0.000,0.000,0.000,0.000,4.000,0.000,12.000,12.000,0.000,8.000,28.000,0.000,0.000,0.000,0.000,0.000,20.000,0.000,0.000,0.000,0.000,0.000,0.000
6097771,Belize2025_reefCensus_photoquadrats_WhaleShoal_20250622_T5_Q07_20m_P6230258_R.JPG,Confirmed,25,0.000,0.000,0.000,0.000,8.000,0.000,0.000,0.000,0.000,0.000,0.000,0.000,0.000,0.000,0.000,0.000,0.000,0.000,0.000,0.000,0.000,0.000,0.000,0.000,0.000,12.000,0.000,0.000,0.000,0.000,4.000,0.000,0.000,0.000,0.000,0.000,0.000,0.000,0.000,0.000,0.000,0.000,0.000,0.000,0.000,8.000,0.000,0.000,44.000,0.000,0.000,0.000,16.000,0.000,8.000,0.000,0.000,0.000,0.000,0.000,0.000
6097772,Belize2025_reefCensus_photoquadrats_WhaleShoal_20250622_T5_Q08_15m_P6230260_R.JPG,Confirmed,25,0.000,0.000,0.000,12.000,0.000,0.000,0.000,0.000,0.000,0.000,0.000,0.000,0.000,0.000,0.000,0.000,0.000,0.000,0.000,0.000,0.000,0.000,0.000,0.000,0.000,0.000,0.000,0.000,0.000,0.000,8.000,0.000,0.000,0.000,0.000,12.000,0.000,0.000,0.000,0.000,0.000,0.000,4.000,0.000,0.000,12.000,0.000,0.000,12.000,20.000,0.000,0.000,0.000,0.000,12.000,0.000,8.000,0.000,0.000,0.000,0.000
6097773,Belize2025_reefCensus_photoquadrats_WhaleShoal_20250622_T5_Q09_10m_P6230265_R.JPG,Confirmed,25,0.000,0.000,0.000,0.000,0.000,0.000,0.000,0.000,0.000,0.000,0.000,0.000,0.000,0.000,0.000,0.000,0.000,0.000,0.000,0.000,12.000,0.000,0.000,0.000,0.000,0.000,0.000,0.000,0.000,0.000,4.000,0.000,0.000,0.000,4.000,0.000,0.000,0.000,0.000,0.000,0.000,0.000,4.000,0.000,8.000,0.000,0.000,8.000,12.000,0.000,0.000,12.000,0.000,0.000,24.000,0.000,4.000,0.000,0.000,0.000,8.000
6097774,Belize2025_reefCensus_photoquadrats_WhaleShoal_20250622_T5_Q10_5m_P6230268_R.JPG,Confirmed,25,0.000,0.000,0.000,0.000,4.000,0.000,0.000,0.000,0.000,0.000,0.000,0.000,0.000,0.000,4.000,0.000,16.000,0.000,0.000,0.000,0.000,0.000,0.000,0.000,0.000,0.000,0.000,0.000,0.000,0.000,0.000,0.000,0.000,0.000,0.000,0.000,0.000,0.000,0.000,0.000,0.000,4.000,8.000,0.000,24.000,8.000,0.000,12.000,8.000,4.000,0.000,0.000,0.000,0.000,8.000,0.000,0.000,0.000,0.000,0.000,0.000
6097775,Belize2025_reefCensus_photoquadrats_WhaleShoal_20250622_T6_Q01_0m_P6230277_R.JPG,Confirmed,25,0.000,0.000,0.000,0.000,4.000,0.000,0.000,0.000,0.000,0.000,0.000,0.000,0.000,0.000,0.000,0.000,0.000,0.000,0.000,0.000,16.000,0.000,0.000,0.000,8.000,0.000,0.000,0.000,0.000,0.000,0.000,0.000,0.000,0.000,8.000,4.000,0.000,0.000,0.000,0.000,0.000,0.000,8.000,0.000,4.000,0.000,0.000,4.000,4.000,8.000,0.000,0.000,4.000,0.000,28.000,0.000,0.000,0.000,0.000,0.000,0.000
6097776,Belize2025_reefCensus_photoquadrats_WhaleShoal_20250622_T6_Q02_5m_P6230280_R.JPG,Confirmed,25,0.000,0.000,0.000,0.000,0.000,0.000,0.000,0.000,0.000,0.000,0.000,0.000,0.000,0.000,0.000,0.000,0.000,0.000,0.000,0.000,0.000,0.000,0.000,0.000,4.000,4.000,0.000,0.000,0.000,0.000,0.000,4.000,0.000,0.000,28.000,0.000,0.000,0.000,0.000,0.000,0.000,0.000,0.000,0.000,4.000,0.000,0.000,20.000,0.000,8.000,0.000,4.000,0.000,0.000,0.000,0.000,0.000,0.000,0.000,0.000,24.000
6097777,Belize2025_reefCensus_photoquadrats_WhaleShoal_20250622_T6_Q03_10m_P6230283_R.JPG,Confirmed,25,0.000,0.000,0.000,0.000,0.000,0.000,0.000,0.000,0.000,0.000,0.000,0.000,0.000,0.000,0.000,0.000,0.000,0.000,0.000,0.000,0.000,0.000,0.000,0.000,8.000,4.000,0.000,0.000,0.000,0.000,0.000,0.000,0.000,0.000,40.000,0.000,0.000,0.000,0.000,0.000,0.000,0.000,0.000,0.000,16.000,0.000,0.000,8.000,4.000,0.000,0.000,0.000,0.000,0.000,16.000,0.000,0.000,0.000,0.000,0.000,4.000
6097778,Belize2025_reefCensus_photoquadrats_WhaleShoal_20250622_T6_Q04_15m_P6230286_R.JPG,Confirmed,25,0.000,0.000,0.000,0.000,0.000,0.000,0.000,0.000,0.000,0.000,0.000,0.000,0.000,0.000,4.000,0.000,0.000,0.000,0.000,0.000,0.000,0.000,0.000,0.000,0.000,0.000,0.000,0.000,0.000,0.000,4.000,0.000,0.000,0.000,4.000,0.000,0.000,0.000,0.000,0.000,0.000,0.000,0.000,0.000,8.000,8.000,0.000,8.000,16.000,0.000,0.000,0.000,8.000,0.000,32.000,0.000,8.000,0.000,0.000,0.000,0.000
6097779,Belize2025_reefCensus_photoquadrats_WhaleShoal_20250622_T6_Q05_20m_P6230292_R.JPG,Confirmed,25,0.000,0.000,0.000,4.000,0.000,0.000,0.000,0.000,0.000,0.000,0.000,0.000,0.000,0.000,0.000,0.000,0.000,0.000,0.000,0.000,0.000,0.000,0.000,0.000,0.000,8.000,0.000,0.000,0.000,0.000,0.000,0.000,0.000,0.000,24.000,0.000,4.000,0.000,0.000,0.000,0.000,0.000,0.000,0.000,0.000,0.000,0.000,40.000,0.000,0.000,0.000,0.000,0.000,0.000,0.000,0.000,0.000,0.000,0.000,0.000,20.000
6097780,Belize2025_reefCensus_photoquadrats_WhaleShoal_20250622_T6_Q06_25m_P6230296_R.JPG,Confirmed,25,0.000,0.000,0.000,0.000,0.000,0.000,0.000,0.000,0.000,0.000,0.000,0.000,0.000,0.000,0.000,0.000,4.000,0.000,0.000,0.000,0.000,0.000,0.000,0.000,0.000,0.000,4.000,0.000,0.000,0.000,0.000,0.000,0.000,0.000,48.000,0.000,4.000,0.000,0.000,0.000,0.000,0.000,0.000,0.000,8.000,0.000,0.000,8.000,0.000,4.000,0.000,0.000,0.000,0.000,8.000,0.000,8.000,0.000,0.000,0.000,4.000
6097781,Belize2025_reefCensus_photoquadrats_WhaleShoal_20250622_T6_Q07_30m_P6230300_R.JPG,Confirmed,25,0.000,0.000,0.000,0.000,0.000,0.000,0.000,0.000,0.000,0.000,0.000,0.000,44.000,0.000,0.000,0.000,0.000,0.000,0.000,0.000,0.000,0.000,0.000,0.000,4.000,0.000,0.000,0.000,0.000,0.000,0.000,0.000,0.000,0.000,0.000,4.000,0.000,0.000,0.000,0.000,0.000,0.000,4.000,0.000,0.000,12.000,0.000,8.000,4.000,0.000,0.000,0.000,4.000,0.000,12.000,0.000,4.000,0.000,0.000,0.000,0.000
6097782,Belize2025_reefCensus_photoquadrats_WhaleShoal_20250622_T6_Q08_35m_P6230310_R.JPG,Confirmed,25,0.000,0.000,0.000,0.000,0.000,0.000,0.000,0.000,0.000,0.000,0.000,0.000,0.000,0.000,0.000,0.000,4.000,0.000,0.000,0.000,0.000,0.000,0.000,0.000,0.000,0.000,0.000,0.000,0.000,0.000,4.000,0.000,0.000,0.000,0.000,0.000,0.000,0.000,0.000,0.000,0.000,0.000,0.000,0.000,28.000,4.000,0.000,0.000,24.000,0.000,0.000,0.000,4.000,0.000,32.000,0.000,0.000,0.000,0.000,0.000,0.000
6097783,Belize2025_reefCensus_photoquadrats_WhaleShoal_20250622_T6_Q09_40m_P6230315_R.JPG,Confirmed,25,0.000,0.000,0.000,0.000,0.000,0.000,0.000,0.000,0.000,0.000,0.000,0.000,0.000,0.000,0.000,0.000,0.000,0.000,0.000,0.000,0.000,0.000,0.000,0.000,8.000,24.000,4.000,0.000,0.000,0.000,0.000,0.000,0.000,0.000,12.000,0.000,0.000,0.000,0.000,0.000,0.000,0.000,0.000,0.000,0.000,0.000,0.000,32.000,0.000,8.000,0.000,0.000,0.000,0.000,4.000,0.000,0.000,0.000,0.000,0.000,8.000
6097784,Belize2025_reefCensus_photoquadrats_WhaleShoal_20250622_T6_Q10_45m_P6230318_R.JPG,Confirmed,25,0.000,0.000,0.000,0.000,0.000,0.000,0.000,0.000,0.000,0.000,0.000,0.000,0.000,0.000,0.000,0.000,16.000,0.000,0.000,0.000,0.000,0.000,0.000,0.000,0.000,0.000,0.000,0.000,0.000,0.000,16.000,0.000,0.000,0.000,0.000,4.000,0.000,0.000,0.000,0.000,0.000,0.000,0.000,4.000,8.000,8.000,0.000,0.000,20.000,16.000,0.000,0.000,0.000,0.000,8.000,0.000,0.000,0.000,0.000,0.000,0.000
6097674,BZE2025_CBC_FOREREEF_T1_Q10_R.JPG,Confirmed,25,0.000,0.000,0.000,0.000,0.000,0.000,0.000,0.000,0.000,0.000,0.000,0.000,96.000,0.000,0.000,0.000,0.000,0.000,0.000,0.000,0.000,0.000,0.000,0.000,0.000,0.000,0.000,0.000,0.000,0.000,0.000,0.000,0.000,0.000,0.000,0.000,0.000,0.000,0.000,0.000,0.000,0.000,0.000,0.000,0.000,4.000,0.000,0.000,0.000,0.000,0.000,0.000,0.000,0.000,0.000,0.000,0.000,0.000,0.000,0.000,0.000
6097665,BZE2025_CBC_FOREREEF_T1_Q1_R.JPG,Confirmed,25,0.000,0.000,0.000,0.000,0.000,0.000,0.000,0.000,0.000,0.000,0.000,0.000,0.000,0.000,20.000,0.000,0.000,0.000,0.000,0.000,0.000,0.000,0.000,0.000,16.000,0.000,0.000,0.000,0.000,0.000,0.000,0.000,0.000,0.000,4.000,0.000,8.000,0.000,0.000,0.000,0.000,8.000,0.000,0.000,0.000,8.000,0.000,0.000,0.000,36.000,0.000,0.000,0.000,0.000,0.000,0.000,0.000,0.000,0.000,0.000,0.000
6097666,BZE2025_CBC_FOREREEF_T1_Q2_R.JPG,Confirmed,25,0.000,0.000,0.000,0.000,0.000,0.000,0.000,0.000,0.000,0.000,0.000,0.000,0.000,0.000,4.000,0.000,0.000,0.000,0.000,0.000,0.000,0.000,0.000,0.000,0.000,4.000,0.000,0.000,0.000,8.000,20.000,0.000,0.000,0.000,0.000,0.000,16.000,0.000,0.000,0.000,0.000,0.000,8.000,4.000,0.000,32.000,0.000,0.000,0.000,0.000,0.000,0.000,4.000,0.000,0.000,0.000,0.000,0.000,0.000,0.000,0.000
6097667,BZE2025_CBC_FOREREEF_T1_Q3_R.JPG,Confirmed,25,0.000,0.000,0.000,0.000,0.000,0.000,0.000,0.000,0.000,0.000,0.000,0.000,0.000,0.000,12.000,0.000,0.000,0.000,0.000,0.000,0.000,0.000,0.000,0.000,0.000,16.000,0.000,0.000,0.000,12.000,0.000,0.000,0.000,0.000,0.000,0.000,0.000,0.000,0.000,0.000,0.000,0.000,8.000,0.000,0.000,32.000,0.000,0.000,4.000,4.000,0.000,0.000,8.000,0.000,4.000,0.000,0.000,0.000,0.000,0.000,0.000
6097668,BZE2025_CBC_FOREREEF_T1_Q4_R.JPG,Confirmed,25,0.000,0.000,0.000,0.000,0.000,0.000,0.000,0.000,0.000,0.000,0.000,0.000,0.000,0.000,12.000,0.000,0.000,0.000,0.000,0.000,0.000,0.000,0.000,0.000,4.000,12.000,8.000,0.000,0.000,0.000,4.000,0.000,0.000,0.000,0.000,0.000,0.000,0.000,8.000,0.000,0.000,0.000,0.000,12.000,0.000,24.000,0.000,0.000,12.000,0.000,0.000,0.000,4.000,0.000,0.000,0.000,0.000,0.000,0.000,0.000,0.000
6097669,BZE2025_CBC_FOREREEF_T1_Q5_R.JPG,Confirmed,25,0.000,0.000,12.000,0.000,0.000,0.000,0.000,0.000,0.000,0.000,0.000,0.000,0.000,0.000,0.000,0.000,0.000,0.000,0.000,0.000,0.000,0.000,0.000,0.000,4.000,4.000,0.000,0.000,0.000,0.000,4.000,0.000,0.000,0.000,8.000,4.000,0.000,0.000,0.000,0.000,0.000,0.000,4.000,0.000,0.000,0.000,0.000,0.000,0.000,56.000,4.000,0.000,0.000,0.000,0.000,0.000,0.000,0.000,0.000,0.000,0.000
6097670,BZE2025_CBC_FOREREEF_T1_Q6_R.JPG,Confirmed,25,0.000,0.000,0.000,0.000,0.000,0.000,0.000,0.000,0.000,0.000,0.000,0.000,0.000,0.000,0.000,0.000,0.000,0.000,0.000,0.000,0.000,0.000,0.000,0.000,0.000,0.000,0.000,0.000,0.000,0.000,0.000,0.000,0.000,0.000,0.000,0.000,16.000,0.000,0.000,0.000,0.000,0.000,0.000,12.000,4.000,0.000,0.000,0.000,0.000,20.000,0.000,4.000,28.000,0.000,16.000,0.000,0.000,0.000,0.000,0.000,0.000
6097671,BZE2025_CBC_FOREREEF_T1_Q7_R.JPG,Confirmed,25,0.000,0.000,0.000,0.000,0.000,0.000,0.000,0.000,0.000,0.000,0.000,0.000,0.000,0.000,0.000,0.000,0.000,0.000,0.000,0.000,0.000,0.000,0.000,0.000,0.000,0.000,0.000,0.000,0.000,0.000,8.000,0.000,0.000,0.000,0.000,0.000,8.000,0.000,0.000,0.000,0.000,0.000,4.000,4.000,0.000,72.000,0.000,0.000,0.000,0.000,0.000,0.000,4.000,0.000,0.000,0.000,0.000,0.000,0.000,0.000,0.000
6097672,BZE2025_CBC_FOREREEF_T1_Q8_R.JPG,Confirmed,25,0.000,0.000,0.000,0.000,0.000,0.000,0.000,0.000,0.000,0.000,0.000,0.000,0.000,0.000,0.000,0.000,0.000,0.000,0.000,0.000,0.000,0.000,0.000,0.000,0.000,0.000,0.000,0.000,0.000,0.000,0.000,0.000,0.000,0.000,0.000,4.000,4.000,0.000,0.000,0.000,0.000,0.000,0.000,20.000,0.000,60.000,0.000,0.000,0.000,0.000,0.000,0.000,12.000,0.000,0.000,0.000,0.000,0.000,0.000,0.000,0.000
6097673,BZE2025_CBC_FOREREEF_T1_Q9_R.JPG,Confirmed,25,0.000,68.000,0.000,0.000,0.000,0.000,0.000,0.000,0.000,0.000,0.000,0.000,0.000,0.000,0.000,0.000,0.000,0.000,0.000,0.000,0.000,0.000,0.000,0.000,0.000,0.000,0.000,0.000,0.000,0.000,0.000,0.000,0.000,0.000,0.000,0.000,0.000,0.000,0.000,0.000,0.000,0.000,0.000,4.000,0.000,16.000,0.000,0.000,12.000,0.000,0.000,0.000,0.000,0.000,0.000,0.000,0.000,0.000,0.000,0.000,0.000
6097684,BZE2025_CBC_FOREREEF_T2_Q10_R.JPG,Confirmed,25,0.000,0.000,0.000,0.000,0.000,0.000,0.000,0.000,0.000,0.000,0.000,0.000,0.000,0.000,0.000,0.000,0.000,0.000,0.000,0.000,0.000,0.000,0.000,0.000,0.000,0.000,0.000,0.000,0.000,0.000,0.000,0.000,0.000,0.000,0.000,4.000,4.000,0.000,0.000,0.000,0.000,0.000,4.000,28.000,0.000,28.000,0.000,0.000,20.000,12.000,0.000,0.000,0.000,0.000,0.000,0.000,0.000,0.000,0.000,0.000,0.000
6097675,BZE2025_CBC_FOREREEF_T2_Q1_R.JPG,Confirmed,25,0.000,0.000,4.000,0.000,0.000,0.000,0.000,0.000,0.000,0.000,0.000,0.000,0.000,0.000,8.000,0.000,0.000,0.000,0.000,0.000,0.000,0.000,0.000,0.000,8.000,0.000,8.000,0.000,0.000,0.000,4.000,0.000,0.000,0.000,0.000,0.000,0.000,0.000,0.000,0.000,0.000,0.000,0.000,8.000,0.000,16.000,0.000,12.000,12.000,8.000,0.000,0.000,0.000,0.000,12.000,0.000,0.000,0.000,0.000,0.000,0.000
6097676,BZE2025_CBC_FOREREEF_T2_Q2_R.JPG,Confirmed,25,0.000,0.000,0.000,0.000,0.000,0.000,0.000,0.000,0.000,0.000,0.000,0.000,0.000,0.000,28.000,0.000,0.000,0.000,0.000,0.000,4.000,0.000,0.000,0.000,24.000,4.000,4.000,0.000,0.000,16.000,4.000,0.000,0.000,0.000,0.000,0.000,0.000,0.000,0.000,0.000,0.000,0.000,0.000,0.000,0.000,4.000,0.000,0.000,4.000,8.000,0.000,0.000,0.000,0.000,0.000,0.000,0.000,0.000,0.000,0.000,0.000
6097677,BZE2025_CBC_FOREREEF_T2_Q3_R.JPG,Confirmed,25,0.000,0.000,0.000,0.000,0.000,0.000,0.000,0.000,0.000,0.000,0.000,0.000,0.000,0.000,0.000,0.000,0.000,0.000,0.000,0.000,0.000,0.000,0.000,0.000,0.000,0.000,0.000,0.000,0.000,20.000,4.000,0.000,0.000,0.000,0.000,0.000,0.000,0.000,0.000,0.000,0.000,0.000,0.000,32.000,0.000,28.000,0.000,8.000,4.000,0.000,0.000,0.000,0.000,0.000,4.000,0.000,0.000,0.000,0.000,0.000,0.000
6097678,BZE2025_CBC_FOREREEF_T2_Q4_R.JPG,Confirmed,25,0.000,0.000,0.000,0.000,0.000,0.000,0.000,0.000,0.000,0.000,0.000,0.000,0.000,0.000,8.000,0.000,0.000,0.000,0.000,0.000,0.000,0.000,0.000,0.000,0.000,4.000,0.000,0.000,4.000,0.000,0.000,0.000,0.000,0.000,0.000,0.000,0.000,0.000,0.000,0.000,0.000,0.000,8.000,20.000,0.000,40.000,0.000,0.000,4.000,8.000,0.000,0.000,0.000,0.000,4.000,0.000,0.000,0.000,0.000,0.000,0.000
6097679,BZE2025_CBC_FOREREEF_T2_Q5_R.JPG,Confirmed,25,0.000,48.000,0.000,0.000,0.000,0.000,0.000,0.000,0.000,0.000,0.000,0.000,0.000,0.000,0.000,0.000,0.000,0.000,0.000,0.000,0.000,0.000,0.000,0.000,0.000,0.000,0.000,0.000,0.000,0.000,4.000,0.000,0.000,0.000,4.000,0.000,0.000,0.000,0.000,0.000,0.000,0.000,0.000,0.000,0.000,0.000,0.000,0.000,16.000,20.000,0.000,0.000,8.000,0.000,0.000,0.000,0.000,0.000,0.000,0.000,0.000
6097680,BZE2025_CBC_FOREREEF_T2_Q6_R.JPG,Confirmed,25,0.000,0.000,0.000,0.000,0.000,0.000,0.000,0.000,0.000,0.000,0.000,0.000,0.000,0.000,0.000,0.000,0.000,0.000,0.000,0.000,0.000,0.000,0.000,0.000,0.000,0.000,0.000,0.000,0.000,0.000,0.000,0.000,0.000,0.000,0.000,0.000,12.000,0.000,0.000,0.000,0.000,0.000,0.000,16.000,0.000,20.000,0.000,0.000,4.000,40.000,0.000,0.000,8.000,0.000,0.000,0.000,0.000,0.000,0.000,0.000,0.000
6097681,BZE2025_CBC_FOREREEF_T2_Q7_R.JPG,Confirmed,25,0.000,0.000,0.000,0.000,0.000,0.000,0.000,0.000,0.000,0.000,0.000,0.000,56.000,0.000,0.000,0.000,0.000,0.000,0.000,0.000,0.000,0.000,0.000,0.000,0.000,0.000,0.000,0.000,0.000,0.000,0.000,0.000,0.000,0.000,0.000,0.000,4.000,0.000,0.000,0.000,0.000,0.000,0.000,0.000,0.000,20.000,0.000,0.000,0.000,12.000,0.000,4.000,4.000,0.000,0.000,0.000,0.000,0.000,0.000,0.000,0.000
6097682,BZE2025_CBC_FOREREEF_T2_Q8_R.JPG,Confirmed,25,0.000,0.000,0.000,0.000,0.000,0.000,0.000,0.000,0.000,0.000,0.000,0.000,0.000,0.000,0.000,0.000,0.000,0.000,0.000,0.000,0.000,0.000,0.000,0.000,0.000,4.000,4.000,0.000,0.000,0.000,0.000,0.000,0.000,0.000,0.000,0.000,24.000,0.000,0.000,0.000,0.000,0.000,0.000,0.000,0.000,28.000,0.000,0.000,0.000,4.000,0.000,0.000,28.000,0.000,8.000,0.000,0.000,0.000,0.000,0.000,0.000
6097683,BZE2025_CBC_FOREREEF_T2_Q9_R.JPG,Confirmed,25,0.000,0.000,0.000,0.000,0.000,0.000,0.000,0.000,0.000,0.000,0.000,0.000,0.000,0.000,12.000,0.000,0.000,0.000,0.000,0.000,0.000,0.000,0.000,0.000,24.000,8.000,0.000,0.000,0.000,0.000,0.000,0.000,0.000,0.000,0.000,0.000,8.000,0.000,0.000,0.000,0.000,0.000,0.000,0.000,0.000,20.000,0.000,0.000,4.000,12.000,0.000,0.000,4.000,0.000,8.000,0.000,0.000,0.000,0.000,0.000,0.000
6097694,BZE2025_CBC_FOREREEF_T3_Q10_R.JPG,Confirmed,25,0.000,0.000,0.000,0.000,0.000,0.000,0.000,0.000,0.000,0.000,0.000,0.000,0.000,0.000,0.000,0.000,0.000,0.000,0.000,0.000,0.000,0.000,0.000,0.000,4.000,0.000,0.000,0.000,0.000,12.000,44.000,0.000,0.000,0.000,0.000,0.000,4.000,0.000,0.000,0.000,0.000,4.000,0.000,0.000,0.000,0.000,0.000,0.000,0.000,32.000,0.000,0.000,0.000,0.000,0.000,0.000,0.000,0.000,0.000,0.000,0.000
6097685,BZE2025_CBC_FOREREEF_T3_Q1_R.JPG,Confirmed,25,0.000,0.000,0.000,0.000,0.000,0.000,0.000,0.000,0.000,0.000,0.000,0.000,0.000,0.000,8.000,0.000,0.000,0.000,0.000,0.000,0.000,0.000,0.000,0.000,0.000,12.000,4.000,0.000,0.000,16.000,8.000,0.000,0.000,0.000,0.000,0.000,24.000,0.000,0.000,0.000,0.000,0.000,0.000,0.000,0.000,4.000,0.000,0.000,0.000,20.000,0.000,0.000,0.000,0.000,4.000,0.000,0.000,0.000,0.000,0.000,0.000
6097686,BZE2025_CBC_FOREREEF_T3_Q2_R.JPG,Confirmed,25,0.000,0.000,0.000,0.000,0.000,0.000,0.000,0.000,0.000,0.000,0.000,0.000,0.000,0.000,0.000,0.000,0.000,0.000,0.000,0.000,0.000,0.000,0.000,0.000,0.000,0.000,0.000,0.000,0.000,4.000,0.000,8.000,0.000,0.000,0.000,0.000,0.000,0.000,0.000,0.000,0.000,0.000,0.000,24.000,0.000,16.000,0.000,12.000,12.000,12.000,0.000,0.000,8.000,0.000,4.000,0.000,0.000,0.000,0.000,0.000,0.000
6097687,BZE2025_CBC_FOREREEF_T3_Q3_R.JPG,Confirmed,25,0.000,0.000,0.000,0.000,0.000,0.000,0.000,0.000,0.000,0.000,0.000,0.000,0.000,0.000,4.000,0.000,0.000,0.000,0.000,0.000,4.000,0.000,0.000,0.000,0.000,0.000,0.000,0.000,0.000,0.000,0.000,0.000,0.000,0.000,0.000,0.000,24.000,0.000,4.000,0.000,0.000,0.000,0.000,16.000,4.000,12.000,0.000,0.000,8.000,0.000,0.000,0.000,24.000,0.000,0.000,0.000,0.000,0.000,0.000,0.000,0.000
6097688,BZE2025_CBC_FOREREEF_T3_Q4_R.JPG,Confirmed,25,0.000,0.000,0.000,0.000,0.000,0.000,0.000,0.000,0.000,0.000,0.000,0.000,0.000,0.000,0.000,0.000,0.000,0.000,0.000,0.000,0.000,0.000,0.000,0.000,0.000,0.000,0.000,0.000,0.000,0.000,16.000,0.000,0.000,0.000,0.000,0.000,8.000,4.000,0.000,0.000,0.000,0.000,0.000,20.000,0.000,36.000,0.000,0.000,8.000,8.000,0.000,0.000,0.000,0.000,0.000,0.000,0.000,0.000,0.000,0.000,0.000
6097689,BZE2025_CBC_FOREREEF_T3_Q5_R.JPG,Confirmed,25,0.000,0.000,0.000,0.000,0.000,0.000,0.000,0.000,0.000,0.000,0.000,0.000,0.000,0.000,16.000,0.000,0.000,0.000,0.000,0.000,0.000,0.000,0.000,0.000,24.000,4.000,0.000,0.000,0.000,0.000,0.000,0.000,0.000,0.000,0.000,0.000,0.000,0.000,0.000,0.000,0.000,4.000,0.000,20.000,0.000,0.000,0.000,0.000,0.000,32.000,0.000,0.000,0.000,0.000,0.000,0.000,0.000,0.000,0.000,0.000,0.000
6097690,BZE2025_CBC_FOREREEF_T3_Q6_R.JPG,Confirmed,25,0.000,0.000,0.000,0.000,0.000,0.000,0.000,0.000,0.000,0.000,0.000,0.000,0.000,0.000,0.000,0.000,0.000,0.000,0.000,0.000,16.000,0.000,0.000,0.000,0.000,0.000,0.000,0.000,0.000,16.000,0.000,0.000,0.000,0.000,4.000,0.000,0.000,0.000,0.000,0.000,0.000,8.000,0.000,4.000,0.000,0.000,0.000,0.000,0.000,52.000,0.000,0.000,0.000,0.000,0.000,0.000,0.000,0.000,0.000,0.000,0.000
6097691,BZE2025_CBC_FOREREEF_T3_Q7_R.JPG,Confirmed,25,0.000,0.000,0.000,0.000,0.000,0.000,0.000,0.000,0.000,0.000,0.000,0.000,0.000,0.000,4.000,0.000,0.000,0.000,0.000,0.000,0.000,0.000,0.000,0.000,0.000,0.000,20.000,0.000,0.000,4.000,8.000,0.000,0.000,0.000,4.000,16.000,24.000,0.000,0.000,0.000,0.000,0.000,0.000,0.000,0.000,0.000,0.000,0.000,0.000,20.000,0.000,0.000,0.000,0.000,0.000,0.000,0.000,0.000,0.000,0.000,0.000
6097692,BZE2025_CBC_FOREREEF_T3_Q8_R.JPG,Confirmed,25,0.000,0.000,0.000,0.000,0.000,0.000,0.000,0.000,0.000,0.000,0.000,0.000,0.000,0.000,0.000,0.000,0.000,0.000,0.000,0.000,0.000,0.000,0.000,0.000,0.000,0.000,4.000,0.000,0.000,0.000,0.000,0.000,0.000,0.000,8.000,0.000,0.000,4.000,8.000,0.000,0.000,32.000,0.000,0.000,0.000,0.000,0.000,0.000,0.000,44.000,0.000,0.000,0.000,0.000,0.000,0.000,0.000,0.000,0.000,0.000,0.000
6097693,BZE2025_CBC_FOREREEF_T3_Q9_R.JPG,Confirmed,25,0.000,0.000,0.000,0.000,0.000,0.000,0.000,0.000,0.000,0.000,0.000,0.000,0.000,0.000,0.000,0.000,0.000,0.000,0.000,0.000,0.000,0.000,0.000,0.000,0.000,0.000,0.000,0.000,0.000,0.000,0.000,0.000,0.000,0.000,24.000,0.000,0.000,0.000,4.000,0.000,0.000,20.000,0.000,0.000,0.000,4.000,0.000,0.000,0.000,40.000,0.000,0.000,4.000,0.000,0.000,0.000,4.000,0.000,0.000,0.000,0.000
6097704,BZE2025_CBC_FOREREEF_T4_Q10_R.JPG,Confirmed,25,0.000,0.000,0.000,0.000,0.000,0.000,0.000,0.000,0.000,0.000,0.000,0.000,0.000,0.000,0.000,0.000,0.000,0.000,0.000,0.000,0.000,0.000,0.000,0.000,8.000,0.000,0.000,0.000,0.000,4.000,8.000,0.000,0.000,0.000,0.000,0.000,4.000,4.000,0.000,0.000,0.000,0.000,0.000,0.000,0.000,28.000,0.000,0.000,24.000,4.000,0.000,0.000,12.000,0.000,0.000,0.000,4.000,0.000,0.000,0.000,0.000
6097695,BZE2025_CBC_FOREREEF_T4_Q1_R.JPG,Confirmed,25,0.000,0.000,0.000,0.000,0.000,0.000,0.000,0.000,0.000,0.000,0.000,0.000,0.000,0.000,0.000,0.000,0.000,0.000,0.000,0.000,0.000,0.000,0.000,0.000,12.000,24.000,0.000,0.000,0.000,0.000,0.000,0.000,0.000,0.000,0.000,4.000,4.000,0.000,16.000,0.000,0.000,24.000,0.000,0.000,0.000,4.000,0.000,0.000,4.000,0.000,0.000,0.000,8.000,0.000,0.000,0.000,0.000,0.000,0.000,0.000,0.000
6097696,BZE2025_CBC_FOREREEF_T4_Q2_R.JPG,Confirmed,25,0.000,0.000,0.000,0.000,0.000,0.000,0.000,0.000,0.000,0.000,0.000,0.000,0.000,0.000,0.000,0.000,0.000,0.000,0.000,0.000,0.000,0.000,0.000,0.000,0.000,0.000,0.000,0.000,0.000,12.000,20.000,0.000,0.000,0.000,0.000,8.000,4.000,0.000,0.000,0.000,0.000,4.000,0.000,0.000,0.000,0.000,0.000,0.000,20.000,28.000,0.000,0.000,0.000,0.000,4.000,0.000,0.000,0.000,0.000,0.000,0.000
6097697,BZE2025_CBC_FOREREEF_T4_Q3_R.JPG,Confirmed,25,0.000,0.000,4.000,0.000,0.000,0.000,0.000,0.000,0.000,0.000,0.000,0.000,0.000,0.000,8.000,0.000,0.000,0.000,0.000,0.000,0.000,0.000,0.000,0.000,4.000,8.000,0.000,0.000,0.000,8.000,0.000,0.000,0.000,0.000,4.000,4.000,0.000,0.000,0.000,0.000,0.000,0.000,4.000,16.000,4.000,16.000,0.000,0.000,12.000,0.000,0.000,0.000,0.000,0.000,4.000,0.000,4.000,0.000,0.000,0.000,0.000
6097698,BZE2025_CBC_FOREREEF_T4_Q4_R.JPG,Confirmed,25,0.000,0.000,0.000,0.000,0.000,0.000,0.000,0.000,0.000,0.000,0.000,0.000,0.000,0.000,0.000,0.000,0.000,0.000,0.000,0.000,0.000,0.000,0.000,0.000,0.000,4.000,0.000,0.000,0.000,0.000,4.000,0.000,0.000,0.000,4.000,0.000,4.000,0.000,0.000,0.000,0.000,0.000,0.000,8.000,0.000,8.000,0.000,0.000,8.000,56.000,0.000,0.000,4.000,0.000,0.000,0.000,0.000,0.000,0.000,0.000,0.000
6097699,BZE2025_CBC_FOREREEF_T4_Q5_R.JPG,Confirmed,25,0.000,0.000,0.000,0.000,0.000,0.000,0.000,0.000,0.000,0.000,0.000,0.000,0.000,0.000,0.000,0.000,0.000,0.000,0.000,0.000,0.000,0.000,0.000,0.000,0.000,0.000,0.000,0.000,0.000,0.000,32.000,0.000,0.000,0.000,0.000,0.000,0.000,0.000,0.000,0.000,0.000,0.000,0.000,0.000,0.000,20.000,0.000,0.000,12.000,0.000,0.000,0.000,36.000,0.000,0.000,0.000,0.000,0.000,0.000,0.000,0.000
6097700,BZE2025_CBC_FOREREEF_T4_Q6_R.JPG,Confirmed,25,0.000,0.000,0.000,0.000,0.000,0.000,0.000,0.000,0.000,0.000,0.000,0.000,0.000,0.000,4.000,0.000,0.000,0.000,0.000,0.000,0.000,0.000,0.000,0.000,12.000,0.000,0.000,0.000,0.000,0.000,4.000,0.000,0.000,0.000,0.000,4.000,12.000,0.000,0.000,0.000,0.000,4.000,4.000,4.000,4.000,16.000,0.000,0.000,12.000,12.000,0.000,4.000,4.000,0.000,0.000,0.000,0.000,0.000,0.000,0.000,0.000
6097701,BZE2025_CBC_FOREREEF_T4_Q7_R.JPG,Confirmed,25,0.000,0.000,0.000,0.000,0.000,0.000,0.000,0.000,0.000,0.000,0.000,0.000,0.000,0.000,0.000,0.000,0.000,0.000,0.000,0.000,0.000,0.000,0.000,0.000,0.000,0.000,0.000,0.000,0.000,0.000,0.000,0.000,0.000,0.000,0.000,4.000,0.000,8.000,0.000,0.000,0.000,0.000,0.000,12.000,0.000,56.000,0.000,0.000,4.000,0.000,0.000,0.000,16.000,0.000,0.000,0.000,0.000,0.000,0.000,0.000,0.000
6097702,BZE2025_CBC_FOREREEF_T4_Q8_R.JPG,Confirmed,25,0.000,0.000,0.000,0.000,0.000,0.000,0.000,0.000,0.000,0.000,0.000,0.000,0.000,0.000,4.000,0.000,0.000,0.000,0.000,0.000,0.000,0.000,0.000,4.000,0.000,4.000,0.000,0.000,0.000,4.000,0.000,0.000,0.000,0.000,0.000,0.000,0.000,0.000,0.000,0.000,0.000,12.000,0.000,8.000,0.000,0.000,0.000,0.000,0.000,56.000,0.000,0.000,4.000,0.000,4.000,0.000,0.000,0.000,0.000,0.000,0.000
6097703,BZE2025_CBC_FOREREEF_T4_Q9_R.JPG,Confirmed,25,0.000,0.000,0.000,0.000,0.000,0.000,0.000,0.000,0.000,0.000,0.000,0.000,0.000,0.000,0.000,0.000,0.000,0.000,0.000,0.000,0.000,0.000,0.000,0.000,0.000,0.000,0.000,0.000,0.000,0.000,0.000,0.000,0.000,0.000,0.000,0.000,20.000,4.000,0.000,0.000,0.000,0.000,0.000,8.000,0.000,64.000,0.000,0.000,0.000,4.000,0.000,0.000,0.000,0.000,0.000,0.000,0.000,0.000,0.000,0.000,0.000
6097714,BZE2025_CBC_FOREREEF_T5_Q10_R.JPG,Confirmed,25,0.000,0.000,0.000,0.000,0.000,0.000,0.000,0.000,0.000,0.000,0.000,0.000,0.000,0.000,0.000,0.000,0.000,0.000,0.000,0.000,0.000,0.000,0.000,0.000,16.000,0.000,4.000,0.000,0.000,4.000,0.000,0.000,0.000,0.000,4.000,0.000,4.000,4.000,0.000,0.000,0.000,0.000,0.000,8.000,0.000,12.000,0.000,0.000,8.000,36.000,0.000,0.000,0.000,0.000,0.000,0.000,0.000,0.000,0.000,0.000,0.000
6097705,BZE2025_CBC_FOREREEF_T5_Q1_R.JPG,Confirmed,25,0.000,0.000,0.000,0.000,0.000,0.000,0.000,0.000,0.000,0.000,0.000,0.000,0.000,0.000,4.000,0.000,0.000,0.000,0.000,0.000,0.000,0.000,0.000,0.000,12.000,8.000,0.000,0.000,0.000,4.000,0.000,0.000,0.000,0.000,0.000,0.000,12.000,0.000,0.000,0.000,0.000,0.000,0.000,0.000,0.000,0.000,0.000,0.000,8.000,28.000,0.000,0.000,24.000,0.000,0.000,0.000,0.000,0.000,0.000,0.000,0.000
6097706,BZE2025_CBC_FOREREEF_T5_Q2_R.JPG,Confirmed,25,0.000,0.000,0.000,0.000,0.000,0.000,0.000,0.000,0.000,0.000,0.000,0.000,0.000,0.000,24.000,0.000,0.000,0.000,0.000,0.000,0.000,0.000,0.000,0.000,4.000,0.000,4.000,0.000,0.000,8.000,16.000,0.000,0.000,0.000,0.000,0.000,4.000,0.000,0.000,0.000,0.000,0.000,0.000,8.000,4.000,0.000,0.000,0.000,0.000,24.000,0.000,0.000,4.000,0.000,0.000,0.000,0.000,0.000,0.000,0.000,0.000
6097707,BZE2025_CBC_FOREREEF_T5_Q3_R.JPG,Confirmed,25,0.000,0.000,0.000,0.000,0.000,0.000,0.000,0.000,0.000,0.000,0.000,0.000,0.000,0.000,0.000,0.000,0.000,0.000,0.000,0.000,0.000,0.000,0.000,0.000,0.000,0.000,0.000,0.000,0.000,4.000,0.000,0.000,0.000,0.000,4.000,12.000,8.000,4.000,4.000,0.000,0.000,8.000,0.000,16.000,0.000,4.000,0.000,0.000,8.000,20.000,0.000,0.000,8.000,0.000,0.000,0.000,0.000,0.000,0.000,0.000,0.000
6097708,BZE2025_CBC_FOREREEF_T5_Q4_R.JPG,Confirmed,25,0.000,0.000,0.000,0.000,0.000,0.000,0.000,0.000,0.000,0.000,0.000,0.000,0.000,0.000,4.000,0.000,0.000,0.000,0.000,0.000,0.000,0.000,0.000,0.000,4.000,0.000,0.000,0.000,0.000,8.000,4.000,4.000,0.000,0.000,0.000,0.000,28.000,4.000,0.000,0.000,0.000,0.000,0.000,12.000,0.000,0.000,0.000,0.000,0.000,24.000,0.000,0.000,4.000,0.000,0.000,0.000,4.000,0.000,0.000,0.000,0.000
6097709,BZE2025_CBC_FOREREEF_T5_Q5_R.JPG,Confirmed,25,0.000,0.000,0.000,0.000,0.000,0.000,0.000,0.000,0.000,0.000,0.000,0.000,0.000,0.000,0.000,0.000,0.000,0.000,0.000,0.000,0.000,0.000,0.000,0.000,0.000,0.000,0.000,0.000,0.000,0.000,4.000,0.000,0.000,8.000,0.000,0.000,8.000,0.000,0.000,0.000,0.000,0.000,0.000,8.000,0.000,0.000,0.000,0.000,0.000,64.000,0.000,0.000,8.000,0.000,0.000,0.000,0.000,0.000,0.000,0.000,0.000
6097710,BZE2025_CBC_FOREREEF_T5_Q6_R.JPG,Confirmed,25,0.000,0.000,0.000,0.000,0.000,0.000,0.000,0.000,4.000,0.000,0.000,0.000,0.000,0.000,8.000,0.000,0.000,0.000,0.000,0.000,0.000,0.000,0.000,0.000,0.000,4.000,0.000,0.000,0.000,4.000,4.000,0.000,0.000,0.000,0.000,0.000,0.000,0.000,0.000,0.000,0.000,0.000,0.000,0.000,0.000,16.000,0.000,4.000,20.000,4.000,0.000,0.000,8.000,0.000,4.000,0.000,20.000,0.000,0.000,0.000,0.000
6097711,BZE2025_CBC_FOREREEF_T5_Q7_R.JPG,Confirmed,25,0.000,0.000,0.000,0.000,0.000,0.000,0.000,0.000,8.000,0.000,0.000,0.000,0.000,0.000,16.000,0.000,0.000,0.000,0.000,0.000,0.000,0.000,0.000,0.000,4.000,0.000,12.000,0.000,4.000,0.000,0.000,0.000,0.000,12.000,0.000,0.000,0.000,4.000,0.000,0.000,0.000,4.000,0.000,8.000,0.000,0.000,0.000,4.000,4.000,12.000,0.000,0.000,4.000,0.000,4.000,0.000,0.000,0.000,0.000,0.000,0.000
6097712,BZE2025_CBC_FOREREEF_T5_Q8_R.JPG,Confirmed,25,0.000,0.000,0.000,0.000,0.000,0.000,0.000,0.000,0.000,0.000,0.000,0.000,0.000,0.000,16.000,0.000,0.000,0.000,4.000,0.000,0.000,0.000,0.000,0.000,0.000,8.000,0.000,0.000,0.000,0.000,0.000,8.000,0.000,4.000,0.000,4.000,8.000,0.000,0.000,0.000,0.000,0.000,0.000,12.000,0.000,0.000,0.000,4.000,0.000,24.000,0.000,0.000,4.000,0.000,4.000,0.000,0.000,0.000,0.000,0.000,0.000
6097713,BZE2025_CBC_FOREREEF_T5_Q9_R.JPG,Confirmed,25,0.000,0.000,0.000,0.000,0.000,0.000,0.000,0.000,0.000,0.000,0.000,0.000,0.000,0.000,0.000,0.000,0.000,0.000,0.000,0.000,32.000,0.000,0.000,0.000,4.000,4.000,0.000,0.000,0.000,0.000,4.000,0.000,0.000,0.000,0.000,16.000,12.000,0.000,0.000,0.000,0.000,0.000,4.000,4.000,0.000,0.000,0.000,0.000,0.000,20.000,0.000,0.000,0.000,0.000,0.000,0.000,0.000,0.000,0.000,0.000,0.000
6097724,BZE2025_CBC_FOREREEF_T6_Q10_R.JPG,Confirmed,25,4.000,0.000,0.000,0.000,0.000,0.000,0.000,0.000,0.000,0.000,0.000,0.000,0.000,0.000,0.000,0.000,0.000,0.000,0.000,0.000,0.000,0.000,0.000,0.000,4.000,0.000,4.000,0.000,0.000,4.000,40.000,0.000,0.000,0.000,0.000,4.000,4.000,0.000,0.000,0.000,0.000,0.000,8.000,8.000,0.000,12.000,0.000,0.000,4.000,4.000,0.000,0.000,0.000,0.000,0.000,0.000,0.000,0.000,0.000,0.000,0.000
6097715,BZE2025_CBC_FOREREEF_T6_Q1_R.JPG,Confirmed,25,0.000,0.000,0.000,0.000,0.000,0.000,0.000,0.000,0.000,0.000,0.000,0.000,0.000,0.000,16.000,0.000,0.000,0.000,0.000,0.000,0.000,0.000,0.000,0.000,4.000,0.000,0.000,0.000,0.000,8.000,12.000,0.000,0.000,0.000,0.000,4.000,4.000,0.000,0.000,0.000,0.000,0.000,0.000,4.000,0.000,16.000,0.000,8.000,16.000,4.000,0.000,0.000,4.000,0.000,0.000,0.000,0.000,0.000,0.000,0.000,0.000
6097716,BZE2025_CBC_FOREREEF_T6_Q2_R.JPG,Confirmed,25,0.000,0.000,0.000,0.000,0.000,0.000,0.000,0.000,0.000,0.000,0.000,0.000,0.000,0.000,4.000,0.000,0.000,0.000,0.000,0.000,0.000,0.000,0.000,0.000,0.000,0.000,0.000,0.000,0.000,16.000,48.000,0.000,0.000,12.000,0.000,0.000,0.000,0.000,0.000,0.000,0.000,0.000,0.000,0.000,0.000,0.000,0.000,0.000,0.000,8.000,0.000,0.000,12.000,0.000,0.000,0.000,0.000,0.000,0.000,0.000,0.000
6097717,BZE2025_CBC_FOREREEF_T6_Q3_R.JPG,Confirmed,25,0.000,0.000,0.000,0.000,0.000,0.000,0.000,0.000,0.000,0.000,0.000,0.000,0.000,0.000,0.000,0.000,0.000,0.000,0.000,0.000,0.000,0.000,0.000,0.000,0.000,24.000,0.000,0.000,0.000,0.000,8.000,0.000,0.000,32.000,0.000,0.000,0.000,0.000,0.000,0.000,0.000,0.000,0.000,0.000,0.000,0.000,0.000,0.000,0.000,24.000,0.000,0.000,8.000,0.000,0.000,0.000,4.000,0.000,0.000,0.000,0.000
6097718,BZE2025_CBC_FOREREEF_T6_Q4_R.JPG,Confirmed,25,0.000,0.000,0.000,0.000,0.000,0.000,0.000,0.000,0.000,0.000,0.000,0.000,0.000,0.000,20.000,0.000,0.000,0.000,0.000,0.000,0.000,0.000,0.000,0.000,0.000,4.000,0.000,0.000,0.000,12.000,8.000,0.000,0.000,8.000,0.000,0.000,0.000,0.000,0.000,0.000,0.000,0.000,0.000,4.000,0.000,8.000,0.000,8.000,12.000,0.000,0.000,0.000,16.000,0.000,0.000,0.000,0.000,0.000,0.000,0.000,0.000
6097719,BZE2025_CBC_FOREREEF_T6_Q5_R.JPG,Confirmed,25,0.000,0.000,0.000,0.000,0.000,0.000,0.000,0.000,0.000,0.000,0.000,0.000,0.000,0.000,8.000,0.000,0.000,0.000,0.000,0.000,0.000,0.000,0.000,0.000,4.000,4.000,0.000,0.000,0.000,0.000,4.000,4.000,0.000,0.000,0.000,0.000,16.000,0.000,0.000,0.000,0.000,0.000,0.000,12.000,0.000,4.000,0.000,16.000,0.000,20.000,0.000,0.000,8.000,0.000,0.000,0.000,0.000,0.000,0.000,0.000,0.000
6097720,BZE2025_CBC_FOREREEF_T6_Q6_R.JPG,Confirmed,25,0.000,0.000,0.000,0.000,0.000,0.000,0.000,0.000,16.000,0.000,0.000,0.000,0.000,0.000,4.000,0.000,0.000,0.000,0.000,0.000,0.000,0.000,0.000,0.000,8.000,8.000,4.000,0.000,4.000,4.000,8.000,0.000,0.000,4.000,4.000,8.000,0.000,0.000,0.000,0.000,0.000,0.000,0.000,4.000,0.000,0.000,0.000,4.000,4.000,4.000,0.000,0.000,12.000,0.000,0.000,0.000,0.000,0.000,0.000,0.000,0.000
6097721,BZE2025_CBC_FOREREEF_T6_Q7_R.JPG,Confirmed,25,0.000,0.000,0.000,0.000,0.000,0.000,0.000,0.000,0.000,0.000,0.000,0.000,0.000,0.000,4.000,0.000,0.000,0.000,0.000,0.000,4.000,0.000,0.000,4.000,0.000,20.000,4.000,0.000,0.000,16.000,0.000,0.000,0.000,24.000,4.000,0.000,0.000,0.000,4.000,0.000,0.000,0.000,0.000,0.000,0.000,4.000,0.000,0.000,0.000,4.000,0.000,8.000,0.000,0.000,0.000,0.000,0.000,0.000,0.000,0.000,0.000
6097722,BZE2025_CBC_FOREREEF_T6_Q8_R.JPG,Confirmed,25,0.000,0.000,0.000,0.000,0.000,0.000,0.000,0.000,0.000,0.000,0.000,0.000,0.000,0.000,0.000,0.000,0.000,0.000,0.000,0.000,0.000,0.000,0.000,0.000,4.000,0.000,0.000,0.000,0.000,0.000,76.000,0.000,0.000,0.000,0.000,4.000,0.000,0.000,0.000,0.000,0.000,0.000,0.000,0.000,0.000,0.000,0.000,0.000,12.000,0.000,0.000,0.000,0.000,0.000,4.000,0.000,0.000,0.000,0.000,0.000,0.000
6097723,BZE2025_CBC_FOREREEF_T6_Q9_R.JPG,Confirmed,25,0.000,0.000,0.000,0.000,0.000,0.000,0.000,0.000,0.000,0.000,0.000,0.000,0.000,0.000,0.000,0.000,0.000,0.000,0.000,0.000,0.000,0.000,0.000,0.000,4.000,0.000,0.000,0.000,0.000,0.000,36.000,4.000,0.000,0.000,0.000,0.000,0.000,0.000,0.000,0.000,0.000,0.000,0.000,20.000,0.000,8.000,0.000,16.000,12.000,0.000,0.000,0.000,0.000,0.000,0.000,0.000,0.000,0.000,0.000,0.000,0.000
ALL IMAGES,,,,0.089,1.467,0.133,0.267,0.200,0.000,0.000,0.089,0.333,0.000,0.089,0.800,1.844,0.067,2.044,0.000,0.533,0.000,0.533,0.000,1.244,0.000,0.044,0.178,2.733,2.000,1.067,0.000,0.733,1.356,4.644,1.111,0.000,0.600,5.622,1.733,4.822,0.600,0.422,0.000,0.000,1.311,1.067,2.556,2.467,10.644,0.178,5.311,6.578,17.800,1.956,0.267,3.067,0.000,7.022,0.156,1.111,0.000,0.044,0.000,1.067
